Dyad,Round,Player,previous_absent_round,DLIndex,Similarity,Consistency,Joint,Size_visited
140-615,1,140-615PL1,,0.609375,0.7272727272727273,,9,44
140-615,1,140-615PL2,,0.609375,0.3611111111111111,,9,13
140-615,2,140-615PL1,1,0.625,0.671875,0.6730769230769231,7,43
140-615,2,140-615PL2,1,0.625,0.23684210526315788,0.3333333333333333,7,11
140-615,6,140-615PL1,2,0.640625,0.71875,0.5084745762711864,14,46
140-615,6,140-615PL2,2,0.640625,0.6388888888888888,0.25925925925925924,14,23
140-615,9,140-615PL1,6,0.828125,0.42424242424242425,0.2708333333333333,5,15
140-615,9,140-615PL2,6,0.828125,0.75,0.42,5,48
140-615,10,140-615PL1,9,0.421875,1.0,0.0,0,0
140-615,10,140-615PL2,9,0.421875,0.5,0.41509433962264153,0,27
140-615,11,140-615PL1,10,0.53125,1.0,1.0,0,0
140-615,11,140-615PL2,10,0.53125,0.53125,0.38636363636363635,0,34
140-615,12,140-615PL1,11,0.546875,1.0,1.0,0,0
140-615,12,140-615PL2,11,0.546875,0.575,0.40816326530612246,0,35
140-615,18,140-615PL1,12,0.671875,0.9655172413793104,0.0,10,29
140-615,18,140-615PL2,12,0.671875,0.5555555555555556,0.3269230769230769,10,34
140-615,20,140-615PL1,18,0.71875,1.0,0.9655172413793104,10,28
140-615,20,140-615PL2,18,0.71875,0.6086956521739131,0.46938775510204084,10,38
140-615,23,140-615PL1,20,0.5625,1.0,1.0,6,28
140-615,23,140-615PL2,20,0.5625,0.3333333333333333,0.3181818181818182,6,20
140-615,28,140-615PL1,23,0.5,1.0,1.0,7,28
140-615,28,140-615PL2,23,0.5,0.28125,0.22580645161290322,7,18
140-615,30,140-615PL1,28,0.625,1.0,1.0,6,28
140-615,30,140-615PL2,28,0.625,0.42857142857142855,0.13513513513513514,6,24
140-615,33,140-615PL1,30,0.53125,1.0,1.0,10,28
140-615,33,140-615PL2,30,0.53125,0.40625,0.3157894736842105,10,26
140-615,39,140-615PL1,33,0.546875,1.0,0.4375,29,64
140-615,39,140-615PL2,33,0.546875,0.4878048780487805,0.27906976744186046,29,29
140-615,40,140-615PL1,39,0.5,1.0,0.4375,18,28
140-615,40,140-615PL2,39,0.5,0.625,0.38,18,40
140-615,41,140-615PL1,40,0.4375,1.0,1.0,17,28
140-615,41,140-615PL2,40,0.4375,0.53125,0.37037037037037035,17,34
140-615,42,140-615PL1,41,0.609375,1.0,1.0,9,28
140-615,42,140-615PL2,41,0.609375,0.453125,0.3695652173913043,9,29
140-615,43,140-615PL1,42,0.609375,1.0,1.0,16,28
140-615,43,140-615PL2,42,0.609375,0.671875,0.4117647058823529,16,43
140-615,45,140-615PL1,43,0.6875,1.0,1.0,11,28
140-615,45,140-615PL2,43,0.6875,0.59375,0.4727272727272727,11,38
140-615,47,140-615PL1,45,0.984375,1.0,1.0,1,28
140-615,47,140-615PL2,45,0.984375,0.972972972972973,0.5625,1,37
140-615,49,140-615PL1,47,1.0,1.0,1.0,0,28
140-615,49,140-615PL2,47,1.0,1.0,0.972972972972973,0,36
140-615,50,140-615PL1,49,1.0,1.0,1.0,0,28
140-615,50,140-615PL2,49,1.0,1.0,1.0,0,36
140-615,51,140-615PL1,50,1.0,1.0,1.0,0,28
140-615,51,140-615PL2,50,1.0,1.0,1.0,0,36
140-615,52,140-615PL1,51,1.0,1.0,1.0,0,28
140-615,52,140-615PL2,51,1.0,1.0,1.0,0,36
140-615,56,140-615PL1,52,1.0,1.0,1.0,0,28
140-615,56,140-615PL2,52,1.0,1.0,1.0,0,36
140-615,57,140-615PL1,56,1.0,1.0,1.0,0,28
140-615,57,140-615PL2,56,1.0,1.0,1.0,0,36
140-615,59,140-615PL1,57,1.0,1.0,1.0,0,28
140-615,59,140-615PL2,57,1.0,1.0,1.0,0,36
142-263,2,142-263PL1,,0.5,0.390625,,23,25
142-263,2,142-263PL2,,0.5,0.828125,,23,53
142-263,3,142-263PL1,2,0.390625,0.4375,0.23255813953488372,19,28
142-263,3,142-263PL2,2,0.390625,0.546875,0.5172413793103449,19,35
142-263,4,142-263PL1,3,0.546875,0.53125,0.3191489361702128,21,34
142-263,4,142-263PL2,3,0.546875,0.671875,0.5,21,43
142-263,5,142-263PL1,4,0.578125,0.484375,0.4772727272727273,24,31
142-263,5,142-263PL2,4,0.578125,0.84375,0.6166666666666667,24,54
142-263,6,142-263PL1,5,0.5,0.234375,0.24324324324324326,7,15
142-263,6,142-263PL2,5,0.5,0.4888888888888889,0.4166666666666667,7,31
142-263,7,142-263PL1,6,0.5,0.359375,0.3103448275862069,14,23
142-263,7,142-263PL2,6,0.5,0.578125,0.44680851063829785,14,37
142-263,8,142-263PL1,7,0.4375,0.375,0.35294117647058826,9,23
142-263,8,142-263PL2,7,0.4375,0.359375,0.36363636363636365,9,23
142-263,12,142-263PL1,8,0.609375,0.453125,0.2682926829268293,17,29
142-263,12,142-263PL2,8,0.609375,0.6875,0.3137254901960784,17,44
142-263,13,142-263PL1,12,0.46875,0.36363636363636365,0.2777777777777778,11,17
142-263,13,142-263PL2,12,0.46875,0.546875,0.46296296296296297,11,35
142-263,14,142-263PL1,13,0.546875,0.265625,0.25925925925925924,4,17
142-263,14,142-263PL2,13,0.546875,0.40625,0.2978723404255319,4,26
142-263,16,142-263PL1,14,0.4375,0.375,0.3225806451612903,12,24
142-263,16,142-263PL2,14,0.4375,0.4375,0.3170731707317073,12,28
142-263,18,142-263PL1,16,0.53125,0.390625,0.2564102564102564,12,25
142-263,18,142-263PL2,16,0.53125,0.515625,0.2978723404255319,12,33
142-263,20,142-263PL1,18,0.4375,0.484375,0.3023255813953488,21,31
142-263,20,142-263PL2,18,0.4375,0.609375,0.5652173913043478,21,39
142-263,21,142-263PL1,20,0.5,0.34375,0.2926829268292683,10,22
142-263,21,142-263PL2,20,0.5,0.46875,0.5333333333333333,10,30
142-263,23,142-263PL1,21,0.453125,0.453125,0.24390243902439024,15,29
142-263,23,142-263PL2,21,0.453125,0.46875,0.22448979591836735,15,30
142-263,26,142-263PL1,23,0.40625,0.453125,0.3488372093023256,19,29
142-263,26,142-263PL2,23,0.40625,0.546875,0.3541666666666667,19,35
142-263,27,142-263PL1,26,0.5,0.53125,0.2857142857142857,18,34
142-263,27,142-263PL2,26,0.5,0.53125,0.23214285714285715,18,34
142-263,28,142-263PL1,27,0.46875,0.5,0.375,21,32
142-263,28,142-263PL2,27,0.46875,0.625,0.48,21,40
142-263,29,142-263PL1,28,0.421875,0.515625,0.32653061224489793,18,33
142-263,29,142-263PL2,28,0.421875,0.46875,0.42857142857142855,18,30
142-263,30,142-263PL1,29,0.515625,0.46875,0.3695652173913043,12,30
142-263,30,142-263PL2,29,0.515625,0.421875,0.32558139534883723,12,27
142-263,31,142-263PL1,30,0.46875,0.421875,0.46153846153846156,12,27
142-263,31,142-263PL2,30,0.46875,0.421875,0.3170731707317073,12,27
142-263,35,142-263PL1,31,0.453125,0.5,0.3111111111111111,15,32
142-263,35,142-263PL2,31,0.453125,0.421875,0.2857142857142857,15,27
142-263,37,142-263PL1,35,0.5,0.5,0.28,13,32
142-263,37,142-263PL2,35,0.5,0.40625,0.2619047619047619,13,26
142-263,38,142-263PL1,37,0.4375,0.453125,0.38636363636363635,15,29
142-263,38,142-263PL2,37,0.4375,0.453125,0.27906976744186046,15,29
142-263,39,142-263PL1,38,0.625,0.5,0.32608695652173914,10,32
142-263,39,142-263PL2,38,0.625,0.4375,0.1875,10,28
142-263,42,142-263PL1,39,0.484375,0.453125,0.4186046511627907,16,29
142-263,42,142-263PL2,39,0.484375,0.53125,0.2916666666666667,16,34
142-263,44,142-263PL1,42,0.53125,0.46875,0.2826086956521739,18,30
142-263,44,142-263PL2,42,0.53125,0.625,0.45098039215686275,18,40
142-263,45,142-263PL1,44,0.515625,0.359375,0.2619047619047619,14,23
142-263,45,142-263PL2,44,0.515625,0.59375,0.4716981132075472,14,38
142-263,47,142-263PL1,45,0.453125,0.4634146341463415,0.275,15,28
142-263,47,142-263PL2,45,0.453125,0.484375,0.35294117647058826,15,31
142-263,49,142-263PL1,47,0.59375,0.578125,0.4444444444444444,16,37
142-263,49,142-263PL2,47,0.59375,0.515625,0.391304347826087,16,33
142-263,52,142-263PL1,49,0.546875,0.484375,0.44680851063829785,17,31
142-263,52,142-263PL2,49,0.546875,0.59375,0.2909090909090909,17,38
142-263,55,142-263PL1,52,0.46875,0.46875,0.32608695652173914,26,30
142-263,55,142-263PL2,52,0.46875,0.8125,0.5517241379310345,26,52
142-263,57,142-263PL1,55,0.5,0.46875,0.36363636363636365,21,30
142-263,57,142-263PL2,55,0.5,0.6875,0.6551724137931034,21,44
142-263,58,142-263PL1,57,0.546875,0.5625,0.32,19,36
142-263,58,142-263PL2,57,0.546875,0.578125,0.5576923076923077,19,37
142-263,59,142-263PL1,58,0.546875,0.4375,0.3333333333333333,16,28
142-263,59,142-263PL2,58,0.546875,0.609375,0.46153846153846156,16,39
142-263,60,142-263PL1,59,0.375,0.640625,0.40816326530612246,30,41
142-263,60,142-263PL2,59,0.375,0.671875,0.3898305084745763,30,43
151-962,2,151-962PL1,,0.390625,0.484375,,23,31
151-962,2,151-962PL2,,0.390625,0.625,,23,40
151-962,3,151-962PL1,2,0.421875,0.328125,0.2682926829268293,12,21
151-962,3,151-962PL2,2,0.421875,0.5,0.32075471698113206,12,30
151-962,6,151-962PL1,3,0.578125,0.515625,0.22727272727272727,15,33
151-962,6,151-962PL2,3,0.578125,0.53125,0.391304347826087,15,34
151-962,8,151-962PL1,6,0.4375,0.375,0.26666666666666666,11,24
151-962,8,151-962PL2,6,0.4375,0.4090909090909091,0.42857142857142855,11,26
151-962,9,151-962PL1,8,0.453125,0.453125,0.17777777777777778,15,29
151-962,9,151-962PL2,8,0.453125,0.46875,0.36585365853658536,15,30
151-962,10,151-962PL1,9,0.515625,0.546875,0.23076923076923078,14,35
151-962,10,151-962PL2,9,0.515625,0.4090909090909091,0.3023255813953488,14,26
151-962,15,151-962PL1,10,0.53125,0.546875,0.48936170212765956,17,35
151-962,15,151-962PL2,10,0.53125,0.515625,0.37209302325581395,17,33
151-962,18,151-962PL1,15,0.453125,0.671875,0.4444444444444444,22,43
151-962,18,151-962PL2,15,0.453125,0.46875,0.3404255319148936,22,30
151-962,19,151-962PL1,18,0.40625,0.65625,0.5454545454545454,25,42
151-962,19,151-962PL2,18,0.40625,0.53125,0.391304347826087,25,34
151-962,20,151-962PL1,19,0.515625,0.609375,0.5283018867924528,18,39
151-962,20,151-962PL2,19,0.515625,0.5348837209302325,0.3617021276595745,18,30
151-962,22,151-962PL1,20,0.484375,0.578125,0.4074074074074074,17,37
151-962,22,151-962PL2,20,0.484375,0.4375,0.2608695652173913,17,28
151-962,23,151-962PL1,22,0.59375,0.6875,0.3728813559322034,20,44
151-962,23,151-962PL2,22,0.59375,0.5348837209302325,0.2653061224489796,20,34
151-962,26,151-962PL1,23,0.546875,0.5,0.5510204081632653,12,32
151-962,26,151-962PL2,23,0.546875,0.475,0.24489795918367346,12,27
151-962,27,151-962PL1,26,0.5625,0.546875,0.3673469387755102,14,35
151-962,27,151-962PL2,26,0.5625,0.4878048780487805,0.36585365853658536,14,29
151-962,28,151-962PL1,27,0.375,0.5813953488372093,0.4489795918367347,23,36
151-962,28,151-962PL2,27,0.375,0.53125,0.3695652173913043,23,34
151-962,30,151-962PL1,28,0.578125,0.640625,0.3508771929824561,18,41
151-962,30,151-962PL2,28,0.578125,0.5,0.375,18,32
151-962,31,151-962PL1,30,0.484375,0.515625,0.48,16,33
151-962,31,151-962PL2,30,0.484375,0.46875,0.34782608695652173,16,30
151-962,32,151-962PL1,31,0.421875,0.578125,0.25,17,37
151-962,32,151-962PL2,31,0.421875,0.375,0.22727272727272727,17,24
151-962,36,151-962PL1,32,0.484375,0.546875,0.4117647058823529,10,35
151-962,36,151-962PL2,32,0.484375,0.2631578947368421,0.17647058823529413,10,16
151-962,39,151-962PL1,36,0.46875,0.5,0.3137254901960784,12,32
151-962,39,151-962PL2,36,0.46875,0.35135135135135137,0.1875,12,22
151-962,42,151-962PL1,39,0.546875,0.671875,0.3888888888888889,21,43
151-962,42,151-962PL2,39,0.546875,0.5714285714285714,0.36585365853658536,21,34
151-962,45,151-962PL1,42,0.53125,0.625,0.48214285714285715,19,40
151-962,45,151-962PL2,42,0.53125,0.5238095238095238,0.5348837209302325,19,32
151-962,46,151-962PL1,45,0.609375,0.828125,0.6607142857142857,20,53
151-962,46,151-962PL2,45,0.609375,0.45,0.7058823529411765,20,26
151-962,50,151-962PL1,46,0.5625,0.625,0.576271186440678,18,40
151-962,50,151-962PL2,46,0.5625,0.5609756097560976,0.3488372093023256,18,32
151-962,52,151-962PL1,50,0.5625,0.46875,0.37254901960784315,9,30
151-962,52,151-962PL2,50,0.5625,0.375,0.2727272727272727,9,24
151-962,54,151-962PL1,52,0.5625,0.65625,0.4117647058823529,14,42
151-962,54,151-962PL2,52,0.5625,0.5882352941176471,0.15,14,22
151-962,55,151-962PL1,54,0.5,0.703125,0.5535714285714286,19,45
151-962,55,151-962PL2,54,0.5,0.390625,0.3055555555555556,19,25
151-962,57,151-962PL1,55,0.5,0.703125,0.5,23,45
151-962,57,151-962PL2,55,0.5,0.515625,0.2608695652173913,23,33
152-727,1,152-727PL1,,0.953125,1.0,,3,64
152-727,1,152-727PL2,,0.953125,0.06060606060606061,,3,3
152-727,3,152-727PL1,1,0.984375,1.0,1.0,1,64
152-727,3,152-727PL2,1,0.984375,0.03125,0.0,1,1
152-727,12,152-727PL1,3,0.109375,0.1875,0.09375,0,6
152-727,12,152-727PL2,3,0.109375,0.03125,0.0,0,1
152-727,14,152-727PL1,12,0.296875,0.625,0.18181818181818182,1,20
152-727,14,152-727PL2,12,0.296875,0.03125,1.0,1,1
152-727,17,152-727PL1,14,0.265625,0.53125,0.27586206896551724,1,17
152-727,17,152-727PL2,14,0.265625,0.0625,0.0,1,2
152-727,18,152-727PL1,17,0.984375,1.0,0.265625,1,64
152-727,18,152-727PL2,17,0.984375,0.03125,0.0,1,1
152-727,21,152-727PL1,18,0.984375,1.0,1.0,1,64
152-727,21,152-727PL2,18,0.984375,0.03125,0.0,1,1
152-727,22,152-727PL1,21,0.984375,1.0,1.0,1,64
152-727,22,152-727PL2,21,0.984375,0.03125,1.0,1,1
152-727,24,152-727PL1,22,0.65625,0.4594594594594595,0.34375,22,22
152-727,24,152-727PL2,22,0.65625,1.0,0.015625,22,64
152-727,26,152-727PL1,24,0.75,0.07142857142857142,0.0,1,2
152-727,26,152-727PL2,24,0.75,0.75,0.75,1,48
152-727,28,152-727PL1,26,0.984375,1.0,0.03125,1,64
152-727,28,152-727PL2,26,0.984375,0.03125,0.0,1,1
152-727,29,152-727PL1,28,0.078125,0.15625,0.078125,0,5
152-727,29,152-727PL2,28,0.078125,1.0,0.0,0,0
152-727,30,152-727PL1,29,0.96875,1.0,0.078125,2,64
152-727,30,152-727PL2,29,0.96875,0.0625,0.0,2,2
152-727,32,152-727PL1,30,0.1875,0.8125,0.8125,52,52
152-727,32,152-727PL2,30,0.1875,1.0,0.03125,52,64
152-727,33,152-727PL1,32,0.9375,0.14285714285714285,0.07692307692307693,4,4
152-727,33,152-727PL2,32,0.9375,1.0,1.0,4,64
152-727,34,152-727PL1,33,0.875,0.2857142857142857,0.3333333333333333,8,8
152-727,34,152-727PL2,33,0.875,1.0,1.0,8,64
152-727,35,152-727PL1,34,0.640625,0.71875,0.14893617021276595,19,46
152-727,35,152-727PL2,34,0.640625,0.515625,0.515625,19,33
152-727,36,152-727PL1,35,0.15625,0.32142857142857145,0.1956521739130435,0,9
152-727,36,152-727PL2,35,0.15625,0.03125,0.030303030303030304,0,1
152-727,37,152-727PL1,36,0.390625,0.46875,0.3,11,30
152-727,37,152-727PL2,36,0.390625,0.4,0.0,11,17
152-727,39,152-727PL1,37,0.5,0.6875,0.45098039215686275,18,44
152-727,39,152-727PL2,37,0.5,0.5384615384615384,0.20588235294117646,18,24
152-727,41,152-727PL1,39,0.609375,0.78125,0.5666666666666667,16,50
152-727,41,152-727PL2,39,0.609375,0.5,0.6071428571428571,16,21
152-727,43,152-727PL1,41,0.46875,0.75,0.6333333333333333,21,48
152-727,43,152-727PL2,41,0.46875,0.42857142857142855,0.2857142857142857,21,24
152-727,45,152-727PL1,43,0.71875,0.7111111111111111,0.5,18,45
152-727,45,152-727PL2,43,0.71875,0.8648648648648649,0.4878048780487805,18,37
152-727,46,152-727PL1,45,0.796875,0.7804878048780488,0.34375,13,41
152-727,46,152-727PL2,45,0.796875,0.8888888888888888,0.140625,13,36
152-727,49,152-727PL1,46,0.890625,0.8,0.7608695652173914,7,40
152-727,49,152-727PL2,46,0.890625,0.8529411764705882,0.8108108108108109,7,31
152-727,50,152-727PL1,49,0.9375,0.9142857142857143,0.875,3,35
152-727,50,152-727PL2,49,0.9375,0.96875,0.8787878787878788,3,31
152-727,53,152-727PL1,50,0.953125,0.8421052631578947,0.9210526315789473,3,38
152-727,53,152-727PL2,50,0.953125,0.90625,0.875,3,29
152-727,56,152-727PL1,53,0.9375,1.0,0.8421052631578947,4,32
152-727,56,152-727PL2,53,0.9375,0.8888888888888888,0.8055555555555556,4,36
152-727,57,152-727PL1,56,0.953125,0.9142857142857143,0.9142857142857143,3,35
152-727,57,152-727PL2,56,0.953125,1.0,0.8888888888888888,3,32
216-713,2,216-713PL1,,0.0,1.0,,64,64
216-713,2,216-713PL2,,0.0,1.0,,64,64
216-713,6,216-713PL1,2,0.0,1.0,1.0,64,64
216-713,6,216-713PL2,2,0.0,1.0,1.0,64,64
216-713,9,216-713PL1,6,0.078125,1.0,1.0,59,64
216-713,9,216-713PL2,6,0.078125,0.921875,0.921875,59,59
216-713,10,216-713PL1,9,0.0,1.0,1.0,64,64
216-713,10,216-713PL2,9,0.0,1.0,0.921875,64,64
216-713,12,216-713PL1,10,0.0,1.0,1.0,64,64
216-713,12,216-713PL2,10,0.0,1.0,1.0,64,64
216-713,13,216-713PL1,12,0.0625,1.0,1.0,60,64
216-713,13,216-713PL2,12,0.0625,0.9375,0.9375,60,60
216-713,15,216-713PL1,13,0.0,1.0,1.0,64,64
216-713,15,216-713PL2,13,0.0,1.0,0.9375,64,64
216-713,18,216-713PL1,15,0.15625,1.0,1.0,54,64
216-713,18,216-713PL2,15,0.15625,0.84375,0.84375,54,54
216-713,20,216-713PL1,18,0.09375,1.0,1.0,58,64
216-713,20,216-713PL2,18,0.09375,0.90625,0.75,58,58
216-713,21,216-713PL1,20,0.28125,1.0,1.0,46,64
216-713,21,216-713PL2,20,0.28125,0.71875,0.6774193548387096,46,46
216-713,23,216-713PL1,21,0.0,1.0,1.0,64,64
216-713,23,216-713PL2,21,0.0,1.0,0.71875,64,64
216-713,25,216-713PL1,23,0.03125,0.984375,0.984375,62,63
216-713,25,216-713PL2,23,0.03125,0.984375,0.984375,62,63
216-713,28,216-713PL1,25,0.21875,1.0,0.984375,50,64
216-713,28,216-713PL2,25,0.21875,0.78125,0.765625,50,50
216-713,29,216-713PL1,28,0.140625,1.0,1.0,55,64
216-713,29,216-713PL2,28,0.140625,0.859375,0.640625,55,55
216-713,31,216-713PL1,29,0.015625,1.0,1.0,63,64
216-713,31,216-713PL2,29,0.015625,0.984375,0.84375,63,63
216-713,35,216-713PL1,31,0.0,1.0,1.0,64,64
216-713,35,216-713PL2,31,0.0,1.0,0.984375,64,64
216-713,37,216-713PL1,35,0.0,1.0,1.0,64,64
216-713,37,216-713PL2,35,0.0,1.0,1.0,64,64
216-713,41,216-713PL1,37,0.0,1.0,1.0,64,64
216-713,41,216-713PL2,37,0.0,1.0,1.0,64,64
216-713,45,216-713PL1,41,0.0,1.0,1.0,64,64
216-713,45,216-713PL2,41,0.0,1.0,1.0,64,64
216-713,46,216-713PL1,45,0.015625,1.0,1.0,63,64
216-713,46,216-713PL2,45,0.015625,0.984375,0.984375,63,63
216-713,48,216-713PL1,46,0.015625,1.0,1.0,63,64
216-713,48,216-713PL2,46,0.015625,0.984375,0.96875,63,63
216-713,49,216-713PL1,48,0.015625,0.984375,0.984375,63,63
216-713,49,216-713PL2,48,0.015625,1.0,0.984375,63,64
216-713,50,216-713PL1,49,0.03125,1.0,0.984375,62,64
216-713,50,216-713PL2,49,0.03125,0.96875,0.96875,62,62
216-713,52,216-713PL1,50,0.0,1.0,1.0,64,64
216-713,52,216-713PL2,50,0.0,1.0,0.96875,64,64
216-713,53,216-713PL1,52,0.234375,0.765625,0.765625,47,49
216-713,53,216-713PL2,52,0.234375,0.9375,0.9375,47,60
216-713,54,216-713PL1,53,0.0,1.0,0.765625,64,64
216-713,54,216-713PL2,53,0.0,1.0,0.9375,64,64
216-713,56,216-713PL1,54,0.03125,0.96875,0.96875,62,62
216-713,56,216-713PL2,54,0.03125,1.0,1.0,62,64
216-713,59,216-713PL1,56,0.140625,1.0,0.96875,55,64
216-713,59,216-713PL2,56,0.140625,0.859375,0.859375,55,55
216-713,60,216-713PL1,59,0.0,1.0,1.0,64,64
216-713,60,216-713PL2,59,0.0,1.0,0.859375,64,64
251-716,2,251-716PL1,,0.3125,0.671875,,39,43
251-716,2,251-716PL2,,0.3125,0.859375,,39,55
251-716,3,251-716PL1,2,0.34375,0.671875,0.6226415094339622,42,43
251-716,3,251-716PL2,2,0.34375,0.984375,0.84375,42,63
251-716,5,251-716PL1,3,0.484375,1.0,0.671875,33,64
251-716,5,251-716PL2,3,0.484375,0.7105263157894737,0.5238095238095238,33,33
251-716,6,251-716PL1,5,0.78125,0.796875,0.796875,14,51
251-716,6,251-716PL2,5,0.78125,0.6857142857142857,0.6216216216216216,14,27
251-716,9,251-716PL1,6,0.53125,0.6153846153846154,0.43859649122807015,11,31
251-716,9,251-716PL2,6,0.53125,0.39473684210526316,0.15555555555555556,11,25
251-716,10,251-716PL1,9,0.84375,0.7804878048780488,0.38461538461538464,8,41
251-716,10,251-716PL2,9,0.84375,0.8484848484848485,0.17391304347826086,8,29
251-716,14,251-716PL1,10,0.96875,0.78125,0.6097560975609756,1,25
251-716,14,251-716PL2,10,0.96875,0.8205128205128205,0.7435897435897436,1,39
251-716,17,251-716PL1,14,0.953125,0.96875,0.8064516129032258,2,31
251-716,17,251-716PL2,14,0.953125,0.9411764705882353,0.8717948717948718,2,34
251-716,19,251-716PL1,17,0.96875,1.0,0.96875,2,32
251-716,19,251-716PL2,17,0.96875,0.9411764705882353,0.8888888888888888,2,34
251-716,20,251-716PL1,19,0.984375,0.5,0.5,1,16
251-716,20,251-716PL2,19,0.984375,0.765625,0.6938775510204082,1,49
251-716,22,251-716PL1,20,0.96875,1.0,0.5,2,32
251-716,22,251-716PL2,20,0.96875,0.9411764705882353,0.6938775510204082,2,34
251-716,25,251-716PL1,22,0.984375,0.9696969696969697,0.9696969696969697,1,33
251-716,25,251-716PL2,22,0.984375,1.0,0.9411764705882353,1,32
251-716,26,251-716PL1,25,0.953125,0.9696969696969697,1.0,1,33
251-716,26,251-716PL2,25,0.953125,0.9375,0.9375,1,30
251-716,27,251-716PL1,26,0.984375,0.9696969696969697,1.0,1,33
251-716,27,251-716PL2,26,0.984375,1.0,0.9375,1,32
251-716,29,251-716PL1,27,0.984375,0.9696969696969697,1.0,1,33
251-716,29,251-716PL2,27,0.984375,1.0,1.0,1,32
251-716,31,251-716PL1,29,0.984375,0.9696969696969697,1.0,1,33
251-716,31,251-716PL2,29,0.984375,1.0,1.0,1,32
251-716,33,251-716PL1,31,0.984375,0.9696969696969697,0.9411764705882353,1,33
251-716,33,251-716PL2,31,0.984375,1.0,1.0,1,32
251-716,36,251-716PL1,33,0.984375,0.9696969696969697,0.9411764705882353,1,33
251-716,36,251-716PL2,33,0.984375,1.0,1.0,1,32
251-716,38,251-716PL1,36,0.984375,0.9696969696969697,1.0,1,33
251-716,38,251-716PL2,36,0.984375,1.0,1.0,1,32
251-716,39,251-716PL1,38,0.984375,0.9696969696969697,0.9411764705882353,1,33
251-716,39,251-716PL2,38,0.984375,1.0,1.0,1,32
251-716,40,251-716PL1,39,0.96875,0.9696969696969697,0.9411764705882353,2,33
251-716,40,251-716PL2,39,0.96875,0.9696969696969697,0.9696969696969697,2,33
251-716,43,251-716PL1,40,1.0,1.0,0.9696969696969697,0,32
251-716,43,251-716PL2,40,1.0,1.0,0.9696969696969697,0,32
251-716,48,251-716PL1,43,1.0,1.0,1.0,0,32
251-716,48,251-716PL2,43,1.0,1.0,1.0,0,32
251-716,49,251-716PL1,48,1.0,1.0,1.0,0,32
251-716,49,251-716PL2,48,1.0,1.0,1.0,0,32
251-716,52,251-716PL1,49,1.0,1.0,1.0,0,32
251-716,52,251-716PL2,49,1.0,1.0,1.0,0,32
251-716,56,251-716PL1,52,1.0,1.0,1.0,0,32
251-716,56,251-716PL2,52,1.0,1.0,1.0,0,32
251-716,57,251-716PL1,56,1.0,1.0,1.0,0,32
251-716,57,251-716PL2,56,1.0,1.0,1.0,0,32
251-716,59,251-716PL1,57,1.0,1.0,1.0,0,32
251-716,59,251-716PL2,57,1.0,1.0,1.0,0,32
251-716,60,251-716PL1,59,1.0,1.0,1.0,0,32
251-716,60,251-716PL2,59,1.0,1.0,1.0,0,32
261-970,4,261-970PL1,,0.484375,1.0,,33,64
261-970,4,261-970PL2,,0.484375,0.515625,,33,33
261-970,6,261-970PL1,4,0.578125,1.0,1.0,27,64
261-970,6,261-970PL2,4,0.578125,0.421875,0.3333333333333333,27,27
261-970,7,261-970PL1,6,0.640625,1.0,1.0,23,64
261-970,7,261-970PL2,6,0.640625,0.3783783783783784,0.47058823529411764,23,23
261-970,9,261-970PL1,7,0.734375,1.0,1.0,17,64
261-970,9,261-970PL2,7,0.734375,0.265625,0.17647058823529413,17,17
261-970,10,261-970PL1,9,0.625,1.0,1.0,24,64
261-970,10,261-970PL2,9,0.625,0.375,0.28125,24,24
261-970,12,261-970PL1,10,0.4375,0.984375,0.984375,36,63
261-970,12,261-970PL2,10,0.4375,0.578125,0.35555555555555557,36,37
261-970,13,261-970PL1,12,0.515625,1.0,0.984375,31,64
261-970,13,261-970PL2,12,0.515625,0.484375,0.36,31,31
261-970,15,261-970PL1,13,0.71875,1.0,1.0,18,64
261-970,15,261-970PL2,13,0.71875,0.2857142857142857,0.225,18,18
261-970,18,261-970PL1,15,0.625,0.984375,0.984375,23,63
261-970,18,261-970PL2,15,0.625,0.359375,0.1388888888888889,23,23
261-970,23,261-970PL1,18,0.5,1.0,0.984375,32,64
261-970,23,261-970PL2,18,0.5,0.5,0.41025641025641024,32,32
261-970,25,261-970PL1,23,0.671875,1.0,1.0,21,64
261-970,25,261-970PL2,23,0.671875,0.39473684210526316,0.23255813953488372,21,21
261-970,28,261-970PL1,25,0.84375,1.0,1.0,10,64
261-970,28,261-970PL2,25,0.84375,0.16666666666666666,0.10714285714285714,10,10
261-970,29,261-970PL1,28,0.734375,1.0,1.0,17,64
261-970,29,261-970PL2,28,0.734375,0.2857142857142857,0.125,17,17
261-970,30,261-970PL1,29,0.5625,1.0,1.0,28,64
261-970,30,261-970PL2,29,0.5625,0.5555555555555556,0.36363636363636365,28,28
261-970,31,261-970PL1,30,0.296875,0.4473684210526316,0.296875,8,19
261-970,31,261-970PL2,30,0.296875,0.37142857142857144,0.1891891891891892,8,16
261-970,35,261-970PL1,31,0.78125,0.984375,0.30158730158730157,13,63
261-970,35,261-970PL2,31,0.78125,0.21621621621621623,0.07407407407407407,13,13
261-970,36,261-970PL1,35,0.15625,0.14705882352941177,0.1111111111111111,0,7
261-970,36,261-970PL2,35,0.15625,0.10714285714285714,0.14285714285714285,0,3
261-970,37,261-970PL1,36,0.75,1.0,0.109375,16,64
261-970,37,261-970PL2,36,0.75,0.3333333333333333,0.11764705882352941,16,16
261-970,39,261-970PL1,37,0.421875,0.984375,0.984375,36,63
261-970,39,261-970PL2,37,0.421875,0.5625,0.23809523809523808,36,36
261-970,40,261-970PL1,39,0.0,1.0,0.0,0,0
261-970,40,261-970PL2,39,0.0,1.0,0.0,0,0
261-970,45,261-970PL1,40,0.515625,0.6153846153846154,0.0,12,31
261-970,45,261-970PL2,40,0.515625,0.40625,0.0,12,26
261-970,48,261-970PL1,45,1.0,1.0,0.0,0,0
261-970,48,261-970PL2,45,1.0,1.0,0.40625,0,64
261-970,49,261-970PL1,48,0.984375,0.03125,0.0,1,1
261-970,49,261-970PL2,48,0.984375,1.0,1.0,1,64
261-970,50,261-970PL1,49,0.734375,0.47058823529411764,0.0,16,18
261-970,50,261-970PL2,49,0.734375,0.953125,0.953125,16,61
261-970,54,261-970PL1,50,0.125,1.0,0.0,0,0
261-970,54,261-970PL2,50,0.125,0.2857142857142857,0.13114754098360656,0,8
261-970,58,261-970PL1,54,1.0,1.0,1.0,0,0
261-970,58,261-970PL2,54,1.0,1.0,0.125,0,64
269-653,4,269-653PL1,,0.5625,1.0,,28,64
269-653,4,269-653PL2,,0.5625,0.4375,,28,28
269-653,5,269-653PL1,4,0.96875,1.0,1.0,2,64
269-653,5,269-653PL2,4,0.96875,0.05555555555555555,0.07142857142857142,2,2
269-653,9,269-653PL1,5,0.5625,0.9696969696969697,0.515625,5,33
269-653,9,269-653PL2,5,0.5625,0.21621621621621623,0.0,5,13
269-653,10,269-653PL1,9,0.421875,0.39285714285714285,0.2222222222222222,4,11
269-653,10,269-653PL2,9,0.421875,0.375,0.15625,4,24
269-653,11,269-653PL1,10,0.796875,1.0,0.171875,13,64
269-653,11,269-653PL2,10,0.796875,0.21621621621621623,0.12121212121212122,13,13
269-653,12,269-653PL1,11,0.78125,1.0,1.0,14,64
269-653,12,269-653PL2,11,0.78125,0.23529411764705882,0.125,14,14
269-653,17,269-653PL1,12,0.609375,0.7804878048780488,0.640625,10,41
269-653,17,269-653PL2,12,0.609375,0.5333333333333333,0.23076923076923078,10,18
269-653,20,269-653PL1,17,0.28125,0.46875,0.36585365853658536,0,15
269-653,20,269-653PL2,17,0.28125,0.09375,0.10526315789473684,0,3
269-653,25,269-653PL1,20,0.625,1.0,0.234375,24,64
269-653,25,269-653PL2,20,0.625,0.4634146341463415,0.038461538461538464,24,24
269-653,27,269-653PL1,25,0.25,0.3888888888888889,0.21875,0,14
269-653,27,269-653PL2,25,0.25,0.07142857142857142,0.0,0,2
269-653,30,269-653PL1,27,0.65625,1.0,0.21875,22,64
269-653,30,269-653PL2,27,0.65625,0.38095238095238093,0.0,22,22
269-653,32,269-653PL1,30,0.5,0.631578947368421,0.40625,9,26
269-653,32,269-653PL2,30,0.5,0.3953488372093023,0.24324324324324326,9,24
269-653,34,269-653PL1,32,0.546875,1.0,0.40625,29,64
269-653,34,269-653PL2,32,0.546875,0.453125,0.325,29,29
269-653,35,269-653PL1,34,0.65625,1.0,1.0,22,64
269-653,35,269-653PL2,34,0.65625,0.5,0.3076923076923077,22,22
269-653,36,269-653PL1,35,0.125,1.0,0.0,0,0
269-653,36,269-653PL2,35,0.125,0.25,0.15384615384615385,0,8
269-653,39,269-653PL1,36,0.1875,1.0,1.0,0,0
269-653,39,269-653PL2,36,0.1875,0.3333333333333333,0.17647058823529413,0,12
269-653,42,269-653PL1,39,0.71875,1.0,0.0,18,64
269-653,42,269-653PL2,39,0.71875,0.35135135135135137,0.15384615384615385,18,18
269-653,44,269-653PL1,42,0.59375,0.6875,0.6875,12,44
269-653,44,269-653PL2,42,0.59375,0.28125,0.16129032258064516,12,18
269-653,45,269-653PL1,44,0.109375,1.0,0.0,0,0
269-653,45,269-653PL2,44,0.109375,0.11428571428571428,0.13636363636363635,0,7
269-653,46,269-653PL1,45,0.234375,1.0,1.0,0,0
269-653,46,269-653PL2,45,0.234375,0.3055555555555556,0.1,0,15
269-653,50,269-653PL1,46,0.375,0.46153846153846156,0.0,4,21
269-653,50,269-653PL2,46,0.375,0.18181818181818182,0.04,4,11
269-653,53,269-653PL1,50,0.65625,1.0,0.328125,22,64
269-653,53,269-653PL2,50,0.65625,0.38461538461538464,0.17857142857142858,22,22
269-653,55,269-653PL1,53,0.765625,1.0,1.0,15,64
269-653,55,269-653PL2,53,0.765625,0.3870967741935484,0.23333333333333334,15,15
269-653,56,269-653PL1,55,0.578125,0.78125,0.78125,16,50
269-653,56,269-653PL2,55,0.578125,0.38235294117647056,0.21428571428571427,16,19
269-653,58,269-653PL1,56,0.625,0.6875,0.6206896551724138,10,44
269-653,58,269-653PL2,56,0.625,0.25,0.2962962962962963,10,16
269-653,59,269-653PL1,58,0.625,0.703125,0.5344827586206896,13,45
269-653,59,269-653PL2,58,0.625,0.328125,0.27586206896551724,13,21
269-653,60,269-653PL1,59,0.34375,1.0,0.0,0,0
269-653,60,269-653PL2,59,0.34375,0.34375,0.2647058823529412,0,22
277-491,1,277-491PL1,,0.28125,0.71875,,46,46
277-491,1,277-491PL2,,0.28125,1.0,,46,64
277-491,2,277-491PL1,1,0.53125,0.859375,0.578125,30,55
277-491,2,277-491PL2,1,0.53125,0.6511627906976745,0.609375,30,39
277-491,4,277-491PL1,2,0.53125,0.703125,0.6129032258064516,30,45
277-491,4,277-491PL2,2,0.53125,0.765625,0.660377358490566,30,49
277-491,9,277-491PL1,4,0.921875,0.9411764705882353,0.5192307692307693,5,34
277-491,9,277-491PL2,4,0.921875,0.9142857142857143,0.68,5,35
277-491,12,277-491PL1,9,0.953125,1.0,0.9411764705882353,3,32
277-491,12,277-491PL2,9,0.953125,0.9142857142857143,0.8421052631578947,3,35
277-491,13,277-491PL1,12,0.984375,0.9696969696969697,0.9696969696969697,1,33
277-491,13,277-491PL2,12,0.984375,1.0,0.9142857142857143,1,32
277-491,15,277-491PL1,13,0.984375,1.0,0.9696969696969697,1,32
277-491,15,277-491PL2,13,0.984375,0.9696969696969697,0.9696969696969697,1,33
277-491,17,277-491PL1,15,0.953125,0.9411764705882353,0.9411764705882353,3,34
277-491,17,277-491PL2,15,0.953125,0.9696969696969697,0.9411764705882353,3,33
277-491,18,277-491PL1,17,0.96875,0.9411764705882353,1.0,2,34
277-491,18,277-491PL2,17,0.96875,1.0,0.9696969696969697,2,32
277-491,19,277-491PL1,18,1.0,1.0,0.9411764705882353,0,32
277-491,19,277-491PL2,18,1.0,1.0,1.0,0,32
277-491,21,277-491PL1,19,1.0,1.0,1.0,0,32
277-491,21,277-491PL2,19,1.0,1.0,1.0,0,32
277-491,22,277-491PL1,21,1.0,1.0,1.0,0,32
277-491,22,277-491PL2,21,1.0,1.0,1.0,0,32
277-491,24,277-491PL1,22,1.0,1.0,1.0,0,32
277-491,24,277-491PL2,22,1.0,1.0,1.0,0,32
277-491,27,277-491PL1,24,1.0,1.0,1.0,0,32
277-491,27,277-491PL2,24,1.0,1.0,1.0,0,32
277-491,28,277-491PL1,27,1.0,1.0,1.0,0,32
277-491,28,277-491PL2,27,1.0,1.0,1.0,0,32
277-491,29,277-491PL1,28,1.0,1.0,1.0,0,32
277-491,29,277-491PL2,28,1.0,1.0,1.0,0,32
277-491,31,277-491PL1,29,1.0,1.0,1.0,0,32
277-491,31,277-491PL2,29,1.0,1.0,1.0,0,32
277-491,32,277-491PL1,31,1.0,1.0,1.0,0,32
277-491,32,277-491PL2,31,1.0,1.0,1.0,0,32
277-491,36,277-491PL1,32,0.953125,0.90625,0.90625,0,29
277-491,36,277-491PL2,32,0.953125,1.0,1.0,0,32
277-491,39,277-491PL1,36,1.0,1.0,0.90625,0,32
277-491,39,277-491PL2,36,1.0,1.0,1.0,0,32
277-491,45,277-491PL1,39,1.0,1.0,1.0,0,32
277-491,45,277-491PL2,39,1.0,1.0,1.0,0,32
277-491,49,277-491PL1,45,1.0,1.0,1.0,0,32
277-491,49,277-491PL2,45,1.0,1.0,1.0,0,32
277-491,51,277-491PL1,49,1.0,1.0,1.0,0,32
277-491,51,277-491PL2,49,1.0,1.0,1.0,0,32
277-491,52,277-491PL1,51,1.0,1.0,1.0,0,32
277-491,52,277-491PL2,51,1.0,1.0,1.0,0,32
277-491,53,277-491PL1,52,1.0,1.0,1.0,0,32
277-491,53,277-491PL2,52,1.0,1.0,1.0,0,32
277-491,57,277-491PL1,53,1.0,1.0,1.0,0,32
277-491,57,277-491PL2,53,1.0,1.0,1.0,0,32
277-491,58,277-491PL1,57,0.984375,0.9696969696969697,0.9696969696969697,1,33
277-491,58,277-491PL2,57,0.984375,1.0,1.0,1,32
277-491,59,277-491PL1,58,1.0,1.0,0.9696969696969697,0,32
277-491,59,277-491PL2,58,1.0,1.0,1.0,0,32
277-491,60,277-491PL1,59,1.0,1.0,1.0,0,32
277-491,60,277-491PL2,59,1.0,1.0,1.0,0,32
303-869,1,303-869PL1,,0.609375,0.627906976744186,,15,38
303-869,1,303-869PL2,,0.609375,0.4888888888888889,,15,31
303-869,5,303-869PL1,1,0.90625,1.0,0.59375,6,64
303-869,5,303-869PL2,1,0.90625,0.13333333333333333,0.027777777777777776,6,6
303-869,7,303-869PL1,5,0.921875,1.0,1.0,5,64
303-869,7,303-869PL2,5,0.921875,0.10810810810810811,0.0,5,5
303-869,8,303-869PL1,7,0.75,0.78125,0.78125,5,50
303-869,8,303-869PL2,7,0.75,0.15789473684210525,0.08333333333333333,5,8
303-869,13,303-869PL1,8,0.890625,1.0,0.78125,7,64
303-869,13,303-869PL2,8,0.890625,0.18181818181818182,0.07142857142857142,7,7
303-869,14,303-869PL1,13,0.71875,0.765625,0.765625,13,49
303-869,14,303-869PL2,13,0.71875,0.5128205128205128,0.034482758620689655,13,23
303-869,16,303-869PL1,14,0.59375,0.609375,0.3968253968253968,7,39
303-869,16,303-869PL2,14,0.59375,0.21621621621621623,0.2,7,13
303-869,21,303-869PL1,16,0.921875,1.0,0.609375,5,64
303-869,21,303-869PL2,16,0.921875,0.1388888888888889,0.058823529411764705,5,5
303-869,23,303-869PL1,21,0.875,1.0,1.0,8,64
303-869,23,303-869PL2,21,0.875,0.15789473684210525,0.0,8,8
303-869,28,303-869PL1,23,0.953125,1.0,1.0,3,64
303-869,28,303-869PL2,23,0.953125,0.09375,0.0,3,3
303-869,29,303-869PL1,28,0.9375,1.0,1.0,4,64
303-869,29,303-869PL2,28,0.9375,0.10344827586206896,0.0,4,4
303-869,32,303-869PL1,29,0.9375,1.0,1.0,4,64
303-869,32,303-869PL2,29,0.9375,0.1111111111111111,0.0,4,4
303-869,33,303-869PL1,32,0.921875,0.984375,0.984375,5,63
303-869,33,303-869PL2,32,0.921875,0.11764705882352941,0.0,5,6
303-869,36,303-869PL1,33,0.796875,0.6875,0.6984126984126984,13,44
303-869,36,303-869PL2,33,0.796875,0.8157894736842105,0.11428571428571428,13,33
303-869,37,303-869PL1,36,0.8125,0.515625,0.6382978723404256,8,33
303-869,37,303-869PL2,36,0.8125,0.6136363636363636,0.5813953488372093,8,35
303-869,41,303-869PL1,37,0.84375,0.71875,0.5192307692307693,6,46
303-869,41,303-869PL2,37,0.84375,0.625,0.5277777777777778,6,20
303-869,42,303-869PL1,41,0.796875,0.7222222222222222,0.6521739130434783,9,30
303-869,42,303-869PL2,41,0.796875,0.6511627906976745,0.5128205128205128,9,39
303-869,43,303-869PL1,42,0.8125,0.5263157894736842,0.75,8,26
303-869,43,303-869PL2,42,0.8125,0.6595744680851063,0.7608695652173914,8,42
303-869,46,303-869PL1,43,0.796875,0.5,0.5277777777777778,4,29
303-869,46,303-869PL2,43,0.796875,0.6923076923076923,0.6363636363636364,4,30
303-869,51,303-869PL1,46,0.84375,0.90625,0.45,5,29
303-869,51,303-869PL2,46,0.84375,0.717948717948718,0.5853658536585366,5,35
303-869,53,303-869PL1,51,0.734375,0.6388888888888888,0.696969696969697,7,27
303-869,53,303-869PL2,51,0.734375,0.627906976744186,0.7692307692307693,7,34
303-869,54,303-869PL1,53,0.796875,0.5813953488372093,0.5365853658536586,9,36
303-869,54,303-869PL2,53,0.796875,0.6428571428571429,0.7631578947368421,9,33
303-869,56,303-869PL1,54,0.796875,0.8,0.6341463414634146,7,31
303-869,56,303-869PL2,54,0.796875,0.65,0.717948717948718,7,34
303-869,60,303-869PL1,56,0.78125,0.5789473684210527,0.475,7,28
303-869,60,303-869PL2,56,0.78125,0.5625,0.627906976744186,7,36
313-199,4,313-199PL1,,0.484375,0.984375,,32,63
313-199,4,313-199PL2,,0.484375,1.0,,32,32
313-199,5,313-199PL1,4,0.484375,0.984375,0.96875,32,63
313-199,5,313-199PL2,4,0.484375,1.0,1.0,32,32
313-199,7,313-199PL1,5,0.015625,0.984375,0.96875,63,63
313-199,7,313-199PL2,5,0.015625,1.0,0.5,63,64
313-199,10,313-199PL1,7,0.25,0.24390243902439024,0.23809523809523808,1,15
313-199,10,313-199PL2,7,0.25,0.09375,0.046875,1,3
313-199,14,313-199PL1,10,0.5,0.5,0.175,0,32
313-199,14,313-199PL2,10,0.5,1.0,0.0,0,0
313-199,15,313-199PL1,14,0.59375,0.59375,0.4583333333333333,0,38
313-199,15,313-199PL2,14,0.59375,1.0,1.0,0,0
313-199,16,313-199PL1,15,0.203125,0.8125,0.5,46,52
313-199,16,313-199PL2,15,0.203125,0.828125,0.0,46,53
313-199,17,313-199PL1,16,0.921875,0.9375,0.75,1,60
313-199,17,313-199PL2,16,0.921875,0.03125,0.0,1,1
313-199,20,313-199PL1,17,0.625,0.75,0.7142857142857143,12,48
313-199,20,313-199PL2,17,0.625,0.2682926829268293,0.0625,12,16
313-199,22,313-199PL1,20,0.21875,0.35135135135135137,0.21568627450980393,0,14
313-199,22,313-199PL2,20,0.21875,1.0,0.0,0,0
313-199,25,313-199PL1,22,0.0625,0.125,0.058823529411764705,0,4
313-199,25,313-199PL2,22,0.0625,1.0,1.0,0,0
313-199,26,313-199PL1,25,0.046875,0.09375,0.16666666666666666,0,3
313-199,26,313-199PL2,25,0.046875,1.0,1.0,0,0
313-199,27,313-199PL1,26,0.0,1.0,0.0,0,0
313-199,27,313-199PL2,26,0.0,1.0,1.0,0,0
313-199,29,313-199PL1,27,0.140625,0.24242424242424243,0.0,0,9
313-199,29,313-199PL2,27,0.140625,1.0,1.0,0,0
313-199,31,313-199PL1,29,0.078125,0.12121212121212122,0.0,0,5
313-199,31,313-199PL2,29,0.078125,1.0,1.0,0,0
313-199,32,313-199PL1,31,0.109375,0.19444444444444445,0.09090909090909091,0,7
313-199,32,313-199PL2,31,0.109375,1.0,1.0,0,0
313-199,33,313-199PL1,32,0.046875,0.09375,0.25,0,3
313-199,33,313-199PL2,32,0.046875,1.0,1.0,0,0
313-199,36,313-199PL1,33,0.0,1.0,0.0,0,0
313-199,36,313-199PL2,33,0.0,1.0,1.0,0,0
313-199,41,313-199PL1,36,0.0,1.0,1.0,0,0
313-199,41,313-199PL2,36,0.0,1.0,1.0,0,0
313-199,44,313-199PL1,41,0.0,1.0,1.0,0,0
313-199,44,313-199PL2,41,0.0,1.0,1.0,0,0
313-199,49,313-199PL1,44,0.0,1.0,1.0,0,0
313-199,49,313-199PL2,44,0.0,1.0,1.0,0,0
313-199,54,313-199PL1,49,0.0,1.0,1.0,0,0
313-199,54,313-199PL2,49,0.0,1.0,1.0,0,0
313-199,55,313-199PL1,54,0.0,1.0,1.0,0,0
313-199,55,313-199PL2,54,0.0,1.0,1.0,0,0
313-199,56,313-199PL1,55,0.0,1.0,1.0,0,0
313-199,56,313-199PL2,55,0.0,1.0,1.0,0,0
331-863,2,331-863PL1,,0.109375,1.0,,57,64
331-863,2,331-863PL2,,0.109375,0.890625,,57,57
331-863,3,331-863PL1,2,0.8125,1.0,1.0,12,64
331-863,3,331-863PL2,2,0.8125,0.2571428571428571,0.1896551724137931,12,12
331-863,4,331-863PL1,3,0.90625,1.0,1.0,6,64
331-863,4,331-863PL2,3,0.90625,0.21428571428571427,0.058823529411764705,6,6
331-863,8,331-863PL1,4,0.625,0.671875,0.671875,10,43
331-863,8,331-863PL2,4,0.625,0.48484848484848486,0.045454545454545456,10,17
331-863,11,331-863PL1,8,1.0,1.0,0.671875,0,64
331-863,11,331-863PL2,8,1.0,1.0,0.0,0,0
331-863,12,331-863PL1,11,0.875,0.953125,0.953125,8,61
331-863,12,331-863PL2,11,0.875,0.39285714285714285,0.0,8,11
331-863,13,331-863PL1,12,0.890625,0.8,0.6290322580645161,7,40
331-863,13,331-863PL2,12,0.890625,0.75,0.3125,7,31
331-863,15,331-863PL1,13,0.96875,1.0,0.8,2,32
331-863,15,331-863PL2,13,0.96875,0.9411764705882353,0.7105263157894737,2,34
331-863,16,331-863PL1,15,1.0,1.0,1.0,0,32
331-863,16,331-863PL2,15,1.0,1.0,0.9411764705882353,0,32
331-863,19,331-863PL1,16,1.0,1.0,1.0,0,32
331-863,19,331-863PL2,16,1.0,1.0,1.0,0,32
331-863,20,331-863PL1,19,1.0,1.0,1.0,0,32
331-863,20,331-863PL2,19,1.0,1.0,1.0,0,32
331-863,22,331-863PL1,20,0.984375,0.9696969696969697,0.9696969696969697,1,33
331-863,22,331-863PL2,20,0.984375,1.0,1.0,1,32
331-863,23,331-863PL1,22,1.0,1.0,0.9696969696969697,0,32
331-863,23,331-863PL2,22,1.0,1.0,1.0,0,32
331-863,24,331-863PL1,23,1.0,1.0,1.0,0,32
331-863,24,331-863PL2,23,1.0,1.0,1.0,0,32
331-863,25,331-863PL1,24,1.0,1.0,1.0,0,32
331-863,25,331-863PL2,24,1.0,1.0,1.0,0,32
331-863,30,331-863PL1,25,1.0,1.0,1.0,0,32
331-863,30,331-863PL2,25,1.0,1.0,1.0,0,32
331-863,31,331-863PL1,30,0.984375,0.9696969696969697,0.9696969696969697,1,33
331-863,31,331-863PL2,30,0.984375,1.0,1.0,1,32
331-863,33,331-863PL1,31,1.0,1.0,0.9696969696969697,0,32
331-863,33,331-863PL2,31,1.0,1.0,1.0,0,32
331-863,34,331-863PL1,33,1.0,1.0,1.0,0,32
331-863,34,331-863PL2,33,1.0,1.0,1.0,0,32
331-863,39,331-863PL1,34,1.0,1.0,1.0,0,32
331-863,39,331-863PL2,34,1.0,1.0,1.0,0,32
331-863,42,331-863PL1,39,1.0,1.0,1.0,0,32
331-863,42,331-863PL2,39,1.0,1.0,1.0,0,32
331-863,44,331-863PL1,42,1.0,1.0,1.0,0,32
331-863,44,331-863PL2,42,1.0,1.0,1.0,0,32
331-863,45,331-863PL1,44,1.0,1.0,1.0,0,32
331-863,45,331-863PL2,44,1.0,1.0,1.0,0,32
331-863,46,331-863PL1,45,1.0,1.0,1.0,0,32
331-863,46,331-863PL2,45,1.0,1.0,1.0,0,32
331-863,49,331-863PL1,46,1.0,1.0,1.0,0,32
331-863,49,331-863PL2,46,1.0,1.0,1.0,0,32
331-863,50,331-863PL1,49,1.0,1.0,1.0,0,32
331-863,50,331-863PL2,49,1.0,1.0,1.0,0,32
331-863,52,331-863PL1,50,1.0,1.0,1.0,0,32
331-863,52,331-863PL2,50,1.0,1.0,1.0,0,32
331-863,55,331-863PL1,52,0.984375,1.0,1.0,1,32
331-863,55,331-863PL2,52,0.984375,0.9696969696969697,0.9696969696969697,1,33
331-863,57,331-863PL1,55,1.0,1.0,1.0,0,32
331-863,57,331-863PL2,55,1.0,1.0,0.9696969696969697,0,32
331-863,58,331-863PL1,57,1.0,1.0,1.0,0,32
331-863,58,331-863PL2,57,1.0,1.0,1.0,0,32
331-863,60,331-863PL1,58,1.0,1.0,1.0,0,32
331-863,60,331-863PL2,58,1.0,1.0,1.0,0,32
352-425,2,352-425PL1,,0.453125,0.453125,,20,29
352-425,2,352-425PL2,,0.453125,0.625,,20,40
352-425,3,352-425PL1,2,0.53125,0.5625,0.41304347826086957,27,36
352-425,3,352-425PL2,2,0.53125,0.8125,0.559322033898305,27,52
352-425,4,352-425PL1,3,0.734375,1.0,0.5625,17,64
352-425,4,352-425PL2,3,0.734375,0.36363636363636365,0.2545454545454545,17,17
352-425,6,352-425PL1,4,1.0,1.0,0.0,0,0
352-425,6,352-425PL2,4,1.0,1.0,0.265625,0,64
352-425,7,352-425PL1,6,0.96875,1.0,0.0,2,64
352-425,7,352-425PL2,6,0.96875,0.07142857142857142,0.03125,2,2
352-425,10,352-425PL1,7,0.953125,1.0,1.0,3,64
352-425,10,352-425PL2,7,0.953125,0.06060606060606061,0.0,3,3
352-425,11,352-425PL1,10,1.0,1.0,1.0,0,64
352-425,11,352-425PL2,10,1.0,1.0,0.0,0,0
352-425,12,352-425PL1,11,1.0,1.0,1.0,0,64
352-425,12,352-425PL2,11,1.0,1.0,1.0,0,0
352-425,15,352-425PL1,12,1.0,1.0,1.0,0,64
352-425,15,352-425PL2,12,1.0,1.0,1.0,0,0
352-425,18,352-425PL1,15,1.0,1.0,1.0,0,64
352-425,18,352-425PL2,15,1.0,1.0,1.0,0,0
352-425,20,352-425PL1,18,1.0,1.0,1.0,0,64
352-425,20,352-425PL2,18,1.0,1.0,1.0,0,0
352-425,21,352-425PL1,20,1.0,1.0,1.0,0,64
352-425,21,352-425PL2,20,1.0,1.0,1.0,0,0
352-425,25,352-425PL1,21,1.0,1.0,1.0,0,64
352-425,25,352-425PL2,21,1.0,1.0,1.0,0,0
352-425,26,352-425PL1,25,1.0,1.0,1.0,0,64
352-425,26,352-425PL2,25,1.0,1.0,1.0,0,0
352-425,27,352-425PL1,26,1.0,1.0,1.0,0,64
352-425,27,352-425PL2,26,1.0,1.0,1.0,0,0
352-425,33,352-425PL1,27,1.0,1.0,1.0,0,64
352-425,33,352-425PL2,27,1.0,1.0,1.0,0,0
352-425,34,352-425PL1,33,1.0,1.0,1.0,0,64
352-425,34,352-425PL2,33,1.0,1.0,1.0,0,0
352-425,35,352-425PL1,34,1.0,1.0,1.0,0,64
352-425,35,352-425PL2,34,1.0,1.0,1.0,0,0
352-425,36,352-425PL1,35,1.0,1.0,1.0,0,64
352-425,36,352-425PL2,35,1.0,1.0,1.0,0,0
352-425,37,352-425PL1,36,1.0,1.0,1.0,0,64
352-425,37,352-425PL2,36,1.0,1.0,1.0,0,0
352-425,38,352-425PL1,37,1.0,1.0,1.0,0,64
352-425,38,352-425PL2,37,1.0,1.0,1.0,0,0
352-425,41,352-425PL1,38,1.0,1.0,1.0,0,64
352-425,41,352-425PL2,38,1.0,1.0,1.0,0,0
352-425,42,352-425PL1,41,1.0,1.0,1.0,0,64
352-425,42,352-425PL2,41,1.0,1.0,1.0,0,0
352-425,48,352-425PL1,42,1.0,1.0,1.0,0,64
352-425,48,352-425PL2,42,1.0,1.0,1.0,0,0
352-425,49,352-425PL1,48,1.0,1.0,1.0,0,64
352-425,49,352-425PL2,48,1.0,1.0,1.0,0,0
352-425,50,352-425PL1,49,1.0,1.0,1.0,0,64
352-425,50,352-425PL2,49,1.0,1.0,1.0,0,0
352-425,54,352-425PL1,50,1.0,1.0,1.0,0,64
352-425,54,352-425PL2,50,1.0,1.0,1.0,0,0
352-425,55,352-425PL1,54,1.0,1.0,1.0,0,64
352-425,55,352-425PL2,54,1.0,1.0,1.0,0,0
352-425,56,352-425PL1,55,1.0,1.0,1.0,0,64
352-425,56,352-425PL2,55,1.0,1.0,1.0,0,0
352-425,57,352-425PL1,56,1.0,1.0,1.0,0,64
352-425,57,352-425PL2,56,1.0,1.0,1.0,0,0
352-425,58,352-425PL1,57,1.0,1.0,1.0,0,64
352-425,58,352-425PL2,57,1.0,1.0,1.0,0,0
352-425,60,352-425PL1,58,1.0,1.0,1.0,0,64
352-425,60,352-425PL2,58,1.0,1.0,1.0,0,0
354-344,1,354-344PL1,,0.28125,0.6875,,44,44
354-344,1,354-344PL2,,0.28125,0.96875,,44,62
354-344,3,354-344PL1,1,0.453125,0.765625,0.576271186440678,35,49
354-344,3,354-344PL2,1,0.453125,0.78125,0.75,35,50
354-344,5,354-344PL1,3,0.453125,0.53125,0.38333333333333336,31,34
354-344,5,354-344PL2,3,0.453125,0.890625,0.7258064516129032,31,57
354-344,6,354-344PL1,5,0.46875,0.3902439024390244,0.1956521739130435,16,21
354-344,6,354-344PL2,5,0.46875,0.640625,0.5555555555555556,16,41
354-344,7,354-344PL1,6,0.421875,0.75,0.38,28,48
354-344,7,354-344PL2,6,0.421875,0.546875,0.49019607843137253,28,35
354-344,9,354-344PL1,7,0.484375,0.703125,0.631578947368421,33,45
354-344,9,354-344PL2,7,0.484375,0.8125,0.4262295081967213,33,52
354-344,10,354-344PL1,9,0.5,0.625,0.6037735849056604,23,40
354-344,10,354-344PL2,9,0.5,0.59375,0.6071428571428571,23,38
354-344,12,354-344PL1,10,0.28125,1.0,0.625,46,64
354-344,12,354-344PL2,10,0.28125,0.71875,0.47368421052631576,46,46
354-344,15,354-344PL1,12,0.40625,0.796875,0.796875,37,51
354-344,15,354-344PL2,12,0.40625,0.765625,0.5573770491803278,37,49
354-344,16,354-344PL1,15,0.40625,0.796875,0.6451612903225806,33,51
354-344,16,354-344PL2,15,0.40625,0.640625,0.5789473684210527,33,41
354-344,20,354-344PL1,16,0.75,0.7111111111111111,0.5238095238095238,16,45
354-344,20,354-344PL2,16,0.75,0.717948717948718,0.4074074074074074,16,35
354-344,23,354-344PL1,20,0.71875,0.71875,0.6851851851851852,16,46
354-344,23,354-344PL2,20,0.71875,0.6,0.4888888888888889,16,32
354-344,25,354-344PL1,23,0.890625,0.8421052631578947,0.6153846153846154,7,38
354-344,25,354-344PL2,23,0.890625,0.9696969696969697,0.5116279069767442,7,33
354-344,27,354-344PL1,25,0.71875,0.7317073170731707,0.7111111111111111,13,39
354-344,27,354-344PL2,25,0.71875,0.515625,0.5,13,33
354-344,32,354-344PL1,27,0.875,0.8648648648648649,0.7674418604651163,8,37
354-344,32,354-344PL2,27,0.875,0.9142857142857143,0.5111111111111111,8,35
354-344,33,354-344PL1,32,0.890625,0.8421052631578947,0.7857142857142857,7,38
354-344,33,354-344PL2,32,0.890625,0.8571428571428571,0.7894736842105263,7,33
354-344,34,354-344PL1,33,0.90625,0.9142857142857143,0.8717948717948718,6,35
354-344,34,354-344PL2,33,0.90625,0.9142857142857143,0.8378378378378378,6,35
354-344,36,354-344PL1,34,0.765625,0.8787878787878788,0.8055555555555556,5,30
354-344,36,354-344PL2,34,0.765625,0.6944444444444444,0.6410256410256411,5,29
354-344,38,354-344PL1,36,0.796875,0.7441860465116279,0.6976744186046512,11,43
354-344,38,354-344PL2,36,0.796875,0.631578947368421,0.475,11,30
354-344,39,354-344PL1,38,0.921875,0.8421052631578947,0.723404255319149,5,38
354-344,39,354-344PL2,38,0.921875,0.9090909090909091,0.6486486486486487,5,31
354-344,41,354-344PL1,39,0.90625,0.8648648648648649,0.9230769230769231,6,37
354-344,41,354-344PL2,39,0.90625,0.9117647058823529,0.8823529411764706,6,33
354-344,44,354-344PL1,41,0.734375,0.8571428571428571,0.75,6,33
354-344,44,354-344PL2,41,0.734375,0.5675675675675675,0.5945945945945946,6,26
354-344,45,354-344PL1,44,0.9375,0.8888888888888888,0.7692307692307693,4,36
354-344,45,354-344PL2,44,0.9375,0.9393939393939394,0.5675675675675675,4,32
354-344,46,354-344PL1,45,0.859375,0.734375,0.7659574468085106,9,47
354-344,46,354-344PL2,45,0.859375,0.8125,0.8125,9,26
354-344,47,354-344PL1,46,0.953125,0.7804878048780488,0.8723404255319149,3,41
354-344,47,354-344PL2,46,0.953125,0.8125,0.7931034482758621,3,26
354-344,49,354-344PL1,47,0.4375,0.4473684210526316,0.4222222222222222,8,23
354-344,49,354-344PL2,47,0.4375,0.3902439024390244,0.3055555555555556,8,21
354-344,50,354-344PL1,49,0.9375,0.8421052631578947,0.4523809523809524,3,38
354-344,50,354-344PL2,49,0.9375,0.7647058823529411,0.2894736842105263,3,28
354-344,51,354-344PL1,50,0.953125,0.7804878048780488,0.926829268292683,3,41
354-344,51,354-344PL2,50,0.953125,0.8125,0.8,3,26
354-344,52,354-344PL1,51,0.96875,1.0,0.7804878048780488,2,32
354-344,52,354-344PL2,51,0.96875,0.9411764705882353,0.7647058823529411,2,34
354-344,53,354-344PL1,52,0.96875,0.8421052631578947,0.8421052631578947,2,38
354-344,53,354-344PL2,52,0.96875,0.875,0.8235294117647058,2,28
354-344,55,354-344PL1,53,0.984375,1.0,0.8421052631578947,0,32
354-344,55,354-344PL2,53,0.984375,0.96875,0.84375,0,31
354-344,56,354-344PL1,55,0.90625,1.0,1.0,0,32
354-344,56,354-344PL2,55,0.90625,0.8125,0.8387096774193549,0,26
354-344,57,354-344PL1,56,0.90625,1.0,1.0,0,32
354-344,57,354-344PL2,56,0.90625,0.8125,1.0,0,26
354-344,58,354-344PL1,57,0.703125,1.0,1.0,3,32
354-344,58,354-344PL2,57,0.703125,0.45714285714285713,0.45161290322580644,3,19
354-344,59,354-344PL1,58,1.0,1.0,1.0,0,32
354-344,59,354-344PL2,58,1.0,1.0,0.45714285714285713,0,32
354-344,60,354-344PL1,59,0.875,1.0,1.0,0,32
354-344,60,354-344PL2,59,0.875,0.75,0.75,0,24
356-137,1,356-137PL1,,0.984375,0.03125,,1,1
356-137,1,356-137PL2,,0.984375,1.0,,1,64
356-137,5,356-137PL1,1,0.9375,0.14285714285714285,0.0,4,4
356-137,5,356-137PL2,1,0.9375,1.0,1.0,4,64
356-137,7,356-137PL1,5,0.875,0.1891891891891892,0.0,8,8
356-137,7,356-137PL2,5,0.875,1.0,1.0,8,64
356-137,9,356-137PL1,7,0.28125,0.71875,0.10204081632653061,46,46
356-137,9,356-137PL2,7,0.28125,1.0,1.0,46,64
356-137,13,356-137PL1,9,0.984375,0.03571428571428571,0.021739130434782608,1,1
356-137,13,356-137PL2,9,0.984375,1.0,1.0,1,64
356-137,14,356-137PL1,13,1.0,1.0,0.0,0,0
356-137,14,356-137PL2,13,1.0,1.0,1.0,0,64
356-137,18,356-137PL1,14,0.96875,0.07142857142857142,0.0,2,2
356-137,18,356-137PL2,14,0.96875,1.0,1.0,2,64
356-137,19,356-137PL1,18,1.0,1.0,0.0,0,0
356-137,19,356-137PL2,18,1.0,1.0,1.0,0,64
356-137,20,356-137PL1,19,0.921875,0.10810810810810811,0.0,5,5
356-137,20,356-137PL2,19,0.921875,1.0,1.0,5,64
356-137,25,356-137PL1,20,0.984375,0.03571428571428571,0.0,1,1
356-137,25,356-137PL2,20,0.984375,1.0,1.0,1,64
356-137,33,356-137PL1,25,1.0,1.0,0.0,0,0
356-137,33,356-137PL2,25,1.0,1.0,1.0,0,64
356-137,34,356-137PL1,33,1.0,1.0,1.0,0,0
356-137,34,356-137PL2,33,1.0,1.0,1.0,0,64
356-137,37,356-137PL1,34,1.0,1.0,1.0,0,0
356-137,37,356-137PL2,34,1.0,1.0,1.0,0,64
356-137,38,356-137PL1,37,0.984375,0.03571428571428571,0.0,1,1
356-137,38,356-137PL2,37,0.984375,1.0,1.0,1,64
356-137,39,356-137PL1,38,1.0,1.0,0.0,0,0
356-137,39,356-137PL2,38,1.0,1.0,1.0,0,64
356-137,41,356-137PL1,39,0.984375,0.03571428571428571,0.0,1,1
356-137,41,356-137PL2,39,0.984375,1.0,1.0,1,64
356-137,45,356-137PL1,41,1.0,1.0,0.0,0,0
356-137,45,356-137PL2,41,1.0,1.0,1.0,0,64
356-137,47,356-137PL1,45,1.0,1.0,1.0,0,0
356-137,47,356-137PL2,45,1.0,1.0,1.0,0,64
356-137,48,356-137PL1,47,1.0,1.0,1.0,0,0
356-137,48,356-137PL2,47,1.0,1.0,1.0,0,64
356-137,49,356-137PL1,48,1.0,1.0,1.0,0,0
356-137,49,356-137PL2,48,1.0,1.0,1.0,0,64
356-137,50,356-137PL1,49,1.0,1.0,1.0,0,0
356-137,50,356-137PL2,49,1.0,1.0,1.0,0,64
356-137,52,356-137PL1,50,1.0,1.0,1.0,0,0
356-137,52,356-137PL2,50,1.0,1.0,1.0,0,64
356-137,53,356-137PL1,52,1.0,1.0,1.0,0,0
356-137,53,356-137PL2,52,1.0,1.0,1.0,0,64
356-137,55,356-137PL1,53,1.0,1.0,1.0,0,0
356-137,55,356-137PL2,53,1.0,1.0,1.0,0,64
356-137,57,356-137PL1,55,1.0,1.0,1.0,0,0
356-137,57,356-137PL2,55,1.0,1.0,1.0,0,64
356-137,59,356-137PL1,57,1.0,1.0,1.0,0,0
356-137,59,356-137PL2,57,1.0,1.0,1.0,0,64
356-137,60,356-137PL1,59,1.0,1.0,1.0,0,0
356-137,60,356-137PL2,59,1.0,1.0,1.0,0,64
359-904,1,359-904PL1,,0.390625,1.0,,39,64
359-904,1,359-904PL2,,0.390625,0.609375,,39,39
359-904,4,359-904PL1,1,0.625,1.0,1.0,24,64
359-904,4,359-904PL2,1,0.625,0.4,0.4,24,24
359-904,5,359-904PL1,4,0.5625,0.78125,0.78125,17,50
359-904,5,359-904PL2,4,0.5625,0.3333333333333333,0.1891891891891892,17,20
359-904,6,359-904PL1,5,0.515625,0.6875,0.5409836065573771,18,44
359-904,6,359-904PL2,5,0.515625,0.390625,0.15384615384615385,18,25
359-904,11,359-904PL1,6,0.40625,1.0,0.6875,38,64
359-904,11,359-904PL2,6,0.40625,0.59375,0.4,38,38
359-904,13,359-904PL1,11,0.390625,0.734375,0.734375,39,47
359-904,13,359-904PL2,11,0.390625,0.875,0.5666666666666667,39,56
359-904,14,359-904PL1,13,0.234375,0.90625,0.75,49,58
359-904,14,359-904PL2,13,0.234375,0.859375,0.734375,49,55
359-904,18,359-904PL1,14,0.5,0.734375,0.75,26,47
359-904,18,359-904PL2,14,0.5,0.578125,0.5333333333333333,26,37
359-904,19,359-904PL1,18,0.5,0.796875,0.7192982456140351,28,51
359-904,19,359-904PL2,18,0.5,0.578125,0.45098039215686275,28,37
359-904,25,359-904PL1,19,0.375,0.640625,0.5862068965517241,23,41
359-904,25,359-904PL2,19,0.375,0.453125,0.3469387755102041,23,29
359-904,29,359-904PL1,25,0.53125,0.703125,0.5087719298245614,22,45
359-904,29,359-904PL2,25,0.53125,0.515625,0.47619047619047616,22,33
359-904,31,359-904PL1,29,0.578125,0.703125,0.5254237288135594,20,45
359-904,31,359-904PL2,29,0.578125,0.5,0.32653061224489793,20,32
359-904,32,359-904PL1,31,0.546875,0.6875,0.6181818181818182,20,44
359-904,32,359-904PL2,31,0.546875,0.484375,0.23529411764705882,20,31
359-904,36,359-904PL1,32,0.546875,0.8125,0.6271186440677966,26,52
359-904,36,359-904PL2,32,0.546875,0.546875,0.29411764705882354,26,35
359-904,39,359-904PL1,36,0.4375,0.546875,0.5263157894736842,18,35
359-904,39,359-904PL2,36,0.4375,0.453125,0.4222222222222222,18,29
359-904,46,359-904PL1,39,0.90625,0.984375,0.53125,5,63
359-904,46,359-904PL2,39,0.90625,0.1388888888888889,0.0967741935483871,5,5
359-904,48,359-904PL1,46,0.953125,1.0,0.984375,3,64
359-904,48,359-904PL2,46,0.953125,0.06060606060606061,0.0,3,3
359-904,49,359-904PL1,48,0.828125,0.890625,0.890625,4,57
359-904,49,359-904PL2,48,0.828125,0.08108108108108109,0.16666666666666666,4,4
359-904,50,359-904PL1,49,0.875,0.953125,0.873015873015873,5,61
359-904,50,359-904PL2,49,0.875,0.1388888888888889,0.0,5,5
359-904,51,359-904PL1,50,0.625,0.6875,0.640625,6,44
359-904,51,359-904PL2,50,0.625,0.1891891891891892,0.08333333333333333,6,8
359-904,52,359-904PL1,51,0.984375,1.0,0.6875,1,64
359-904,52,359-904PL2,51,0.984375,0.03125,0.0,1,1
359-904,53,359-904PL1,52,1.0,1.0,1.0,0,64
359-904,53,359-904PL2,52,1.0,1.0,0.0,0,0
359-904,55,359-904PL1,53,0.546875,0.29411764705882354,0.25,5,16
359-904,55,359-904PL2,53,0.546875,0.453125,0.0,5,29
359-904,56,359-904PL1,55,0.9375,0.14285714285714285,0.05263157894736842,4,4
359-904,56,359-904PL2,55,0.9375,1.0,0.453125,4,64
359-904,60,359-904PL1,56,0.984375,0.03571428571428571,0.0,1,1
359-904,60,359-904PL2,56,0.984375,1.0,1.0,1,64
379-897,3,379-897PL1,,0.53125,0.53125,,7,34
379-897,3,379-897PL2,,0.53125,0.21875,,7,14
379-897,5,379-897PL1,3,0.453125,0.453125,0.3695652173913043,9,29
379-897,5,379-897PL2,3,0.453125,0.35135135135135137,0.18518518518518517,9,18
379-897,10,379-897PL1,5,0.40625,0.484375,0.25,11,31
379-897,10,379-897PL2,5,0.40625,0.2894736842105263,0.16666666666666666,11,17
379-897,11,379-897PL1,10,0.453125,0.484375,0.4418604651162791,10,31
379-897,11,379-897PL2,10,0.453125,0.28205128205128205,0.12903225806451613,10,18
379-897,12,379-897PL1,11,0.5625,0.359375,0.2558139534883721,8,23
379-897,12,379-897PL2,11,0.5625,0.453125,0.2702702702702703,8,29
379-897,13,379-897PL1,12,0.421875,0.296875,0.2727272727272727,7,19
379-897,13,379-897PL2,12,0.421875,0.38095238095238093,0.21428571428571427,7,22
379-897,14,379-897PL1,13,0.4375,0.328125,0.17647058823529413,7,21
379-897,14,379-897PL2,13,0.4375,0.328125,0.16216216216216217,7,21
379-897,18,379-897PL1,14,0.484375,0.375,0.21621621621621623,12,24
379-897,18,379-897PL2,14,0.484375,0.484375,0.23809523809523808,12,31
379-897,20,379-897PL1,18,0.40625,0.3333333333333333,0.2571428571428571,12,20
379-897,20,379-897PL2,18,0.40625,0.46875,0.38636363636363635,12,30
379-897,21,379-897PL1,20,0.40625,0.328125,0.10810810810810811,7,21
379-897,21,379-897PL2,20,0.40625,0.375,0.2894736842105263,7,19
379-897,22,379-897PL1,21,0.375,0.328125,0.13513513513513514,9,21
379-897,22,379-897PL2,21,0.375,0.358974358974359,0.21212121212121213,9,21
379-897,23,379-897PL1,22,0.515625,0.3125,0.24242424242424243,11,20
379-897,23,379-897PL2,22,0.515625,0.546875,0.36585365853658536,11,35
379-897,24,379-897PL1,23,0.515625,0.34375,0.13513513513513514,9,22
379-897,24,379-897PL2,23,0.515625,0.453125,0.30612244897959184,9,29
379-897,25,379-897PL1,24,0.484375,0.24390243902439024,0.1935483870967742,10,15
379-897,25,379-897PL2,24,0.484375,0.5625,0.3541666666666667,10,36
379-897,27,379-897PL1,25,0.46875,0.40625,0.1388888888888889,13,26
379-897,27,379-897PL2,25,0.46875,0.46875,0.375,13,30
379-897,29,379-897PL1,27,0.3125,0.2894736842105263,0.19444444444444445,7,17
379-897,29,379-897PL2,27,0.3125,0.265625,0.23684210526315788,7,17
379-897,30,379-897PL1,29,0.484375,1.0,0.0,0,0
379-897,30,379-897PL2,29,0.484375,0.484375,0.23076923076923078,0,31
379-897,32,379-897PL1,30,0.59375,0.03125,0.0,1,1
379-897,32,379-897PL2,30,0.59375,0.609375,0.34615384615384615,1,39
379-897,40,379-897PL1,32,0.453125,0.41025641025641024,0.043478260869565216,7,23
379-897,40,379-897PL2,32,0.453125,0.4,0.22916666666666666,7,20
379-897,43,379-897PL1,40,0.390625,0.484375,0.2,17,31
379-897,43,379-897PL2,40,0.390625,0.4375,0.2972972972972973,17,28
379-897,44,379-897PL1,43,0.46875,0.40625,0.16326530612244897,10,26
379-897,44,379-897PL2,43,0.46875,0.375,0.18181818181818182,10,24
379-897,45,379-897PL1,44,0.421875,0.625,0.40425531914893614,23,40
379-897,45,379-897PL2,44,0.421875,0.515625,0.2391304347826087,23,33
379-897,52,379-897PL1,45,0.578125,1.0,0.0,0,0
379-897,52,379-897PL2,45,0.578125,0.578125,0.4,0,37
379-897,53,379-897PL1,52,0.515625,1.0,1.0,0,0
379-897,53,379-897PL2,52,0.515625,0.515625,0.4,0,33
379-897,57,379-897PL1,53,0.671875,1.0,1.0,0,0
379-897,57,379-897PL2,53,0.671875,0.671875,0.38181818181818183,0,43
416-710,2,416-710PL1,,0.875,1.0,,8,64
416-710,2,416-710PL2,,0.875,0.2857142857142857,,8,8
416-710,3,416-710PL1,2,1.0,1.0,1.0,0,64
416-710,3,416-710PL2,2,1.0,1.0,0.0,0,0
416-710,4,416-710PL1,3,0.8125,1.0,1.0,12,64
416-710,4,416-710PL2,3,0.8125,0.1891891891891892,0.0,12,12
416-710,6,416-710PL1,4,0.828125,1.0,1.0,11,64
416-710,6,416-710PL2,4,0.828125,0.21875,0.21052631578947367,11,11
416-710,7,416-710PL1,6,0.796875,1.0,1.0,13,64
416-710,7,416-710PL2,6,0.796875,0.225,0.09090909090909091,13,13
416-710,8,416-710PL1,7,0.796875,0.984375,0.984375,12,63
416-710,8,416-710PL2,7,0.796875,0.1875,0.08695652173913043,12,12
416-710,10,416-710PL1,8,0.984375,1.0,0.984375,1,64
416-710,10,416-710PL2,8,0.984375,0.03125,0.08333333333333333,1,1
416-710,16,416-710PL1,10,1.0,1.0,1.0,0,64
416-710,16,416-710PL2,10,1.0,1.0,0.0,0,0
416-710,21,416-710PL1,16,1.0,1.0,1.0,0,64
416-710,21,416-710PL2,16,1.0,1.0,1.0,0,0
416-710,22,416-710PL1,21,1.0,1.0,1.0,0,64
416-710,22,416-710PL2,21,1.0,1.0,1.0,0,0
416-710,23,416-710PL1,22,1.0,1.0,1.0,0,64
416-710,23,416-710PL2,22,1.0,1.0,1.0,0,0
416-710,24,416-710PL1,23,1.0,1.0,1.0,0,64
416-710,24,416-710PL2,23,1.0,1.0,1.0,0,0
416-710,25,416-710PL1,24,0.984375,0.984375,0.984375,0,63
416-710,25,416-710PL2,24,0.984375,1.0,1.0,0,0
416-710,29,416-710PL1,25,1.0,1.0,0.984375,0,64
416-710,29,416-710PL2,25,1.0,1.0,1.0,0,0
416-710,30,416-710PL1,29,1.0,1.0,1.0,0,64
416-710,30,416-710PL2,29,1.0,1.0,1.0,0,0
416-710,31,416-710PL1,30,1.0,1.0,1.0,0,64
416-710,31,416-710PL2,30,1.0,1.0,1.0,0,0
416-710,34,416-710PL1,31,0.953125,1.0,1.0,3,64
416-710,34,416-710PL2,31,0.953125,0.10714285714285714,0.0,3,3
416-710,36,416-710PL1,34,1.0,1.0,1.0,0,64
416-710,36,416-710PL2,34,1.0,1.0,0.0,0,0
416-710,37,416-710PL1,36,1.0,1.0,1.0,0,64
416-710,37,416-710PL2,36,1.0,1.0,1.0,0,0
416-710,40,416-710PL1,37,1.0,1.0,1.0,0,64
416-710,40,416-710PL2,37,1.0,1.0,1.0,0,0
416-710,43,416-710PL1,40,0.984375,0.984375,0.984375,0,63
416-710,43,416-710PL2,40,0.984375,1.0,1.0,0,0
416-710,48,416-710PL1,43,1.0,1.0,0.984375,0,64
416-710,48,416-710PL2,43,1.0,1.0,1.0,0,0
416-710,49,416-710PL1,48,1.0,1.0,1.0,0,64
416-710,49,416-710PL2,48,1.0,1.0,1.0,0,0
416-710,50,416-710PL1,49,1.0,1.0,1.0,0,64
416-710,50,416-710PL2,49,1.0,1.0,1.0,0,0
416-710,52,416-710PL1,50,1.0,1.0,1.0,0,64
416-710,52,416-710PL2,50,1.0,1.0,1.0,0,0
416-710,53,416-710PL1,52,1.0,1.0,1.0,0,64
416-710,53,416-710PL2,52,1.0,1.0,1.0,0,0
416-710,57,416-710PL1,53,1.0,1.0,1.0,0,64
416-710,57,416-710PL2,53,1.0,1.0,1.0,0,0
419-723,1,419-723PL1,,0.21875,0.78125,,50,50
419-723,1,419-723PL2,,0.21875,1.0,,50,64
419-723,6,419-723PL1,1,0.46875,0.671875,0.631578947368421,23,43
419-723,6,419-723PL2,1,0.46875,0.515625,0.515625,23,33
419-723,8,419-723PL1,6,0.796875,0.7111111111111111,0.543859649122807,13,45
419-723,8,419-723PL2,6,0.796875,1.0,0.3829787234042553,13,32
419-723,9,419-723PL1,8,0.984375,0.9696969696969697,0.6956521739130435,1,33
419-723,9,419-723PL2,8,0.984375,1.0,1.0,1,32
419-723,11,419-723PL1,9,1.0,1.0,0.9696969696969697,0,32
419-723,11,419-723PL2,9,1.0,1.0,1.0,0,32
419-723,12,419-723PL1,11,0.984375,0.9696969696969697,0.9696969696969697,1,33
419-723,12,419-723PL2,11,0.984375,1.0,1.0,1,32
419-723,13,419-723PL1,12,1.0,1.0,0.9696969696969697,0,32
419-723,13,419-723PL2,12,1.0,1.0,1.0,0,32
419-723,15,419-723PL1,13,1.0,1.0,1.0,0,32
419-723,15,419-723PL2,13,1.0,1.0,1.0,0,32
419-723,18,419-723PL1,15,1.0,1.0,1.0,0,32
419-723,18,419-723PL2,15,1.0,1.0,1.0,0,32
419-723,19,419-723PL1,18,1.0,1.0,1.0,0,32
419-723,19,419-723PL2,18,1.0,1.0,1.0,0,32
419-723,20,419-723PL1,19,1.0,1.0,1.0,0,32
419-723,20,419-723PL2,19,1.0,1.0,1.0,0,32
419-723,21,419-723PL1,20,0.984375,0.9696969696969697,0.9696969696969697,1,33
419-723,21,419-723PL2,20,0.984375,1.0,1.0,1,32
419-723,22,419-723PL1,21,1.0,1.0,0.9696969696969697,0,32
419-723,22,419-723PL2,21,1.0,1.0,1.0,0,32
419-723,23,419-723PL1,22,1.0,1.0,1.0,0,32
419-723,23,419-723PL2,22,1.0,1.0,1.0,0,32
419-723,27,419-723PL1,23,0.984375,1.0,1.0,1,32
419-723,27,419-723PL2,23,0.984375,0.9696969696969697,0.9696969696969697,1,33
419-723,29,419-723PL1,27,1.0,1.0,1.0,0,32
419-723,29,419-723PL2,27,1.0,1.0,0.9696969696969697,0,32
419-723,31,419-723PL1,29,1.0,1.0,1.0,0,32
419-723,31,419-723PL2,29,1.0,1.0,1.0,0,32
419-723,32,419-723PL1,31,1.0,1.0,1.0,0,32
419-723,32,419-723PL2,31,1.0,1.0,1.0,0,32
419-723,35,419-723PL1,32,1.0,1.0,1.0,0,32
419-723,35,419-723PL2,32,1.0,1.0,1.0,0,32
419-723,38,419-723PL1,35,1.0,1.0,1.0,0,32
419-723,38,419-723PL2,35,1.0,1.0,1.0,0,32
419-723,40,419-723PL1,38,1.0,1.0,1.0,0,32
419-723,40,419-723PL2,38,1.0,1.0,1.0,0,32
419-723,41,419-723PL1,40,1.0,1.0,1.0,0,32
419-723,41,419-723PL2,40,1.0,1.0,1.0,0,32
419-723,42,419-723PL1,41,1.0,1.0,1.0,0,32
419-723,42,419-723PL2,41,1.0,1.0,1.0,0,32
419-723,47,419-723PL1,42,1.0,1.0,1.0,0,32
419-723,47,419-723PL2,42,1.0,1.0,1.0,0,32
419-723,48,419-723PL1,47,1.0,1.0,1.0,0,32
419-723,48,419-723PL2,47,1.0,1.0,1.0,0,32
419-723,53,419-723PL1,48,1.0,1.0,1.0,0,32
419-723,53,419-723PL2,48,1.0,1.0,1.0,0,32
419-723,54,419-723PL1,53,1.0,1.0,1.0,0,32
419-723,54,419-723PL2,53,1.0,1.0,1.0,0,32
419-723,57,419-723PL1,54,1.0,1.0,1.0,0,32
419-723,57,419-723PL2,54,1.0,1.0,1.0,0,32
419-723,58,419-723PL1,57,0.984375,1.0,1.0,1,32
419-723,58,419-723PL2,57,0.984375,0.9696969696969697,0.9696969696969697,1,33
419-723,59,419-723PL1,58,1.0,1.0,1.0,0,32
419-723,59,419-723PL2,58,1.0,1.0,0.9696969696969697,0,32
419-723,60,419-723PL1,59,0.984375,0.9696969696969697,0.9696969696969697,1,33
419-723,60,419-723PL2,59,0.984375,1.0,1.0,1,32
435-261,1,435-261PL1,,0.21875,0.16129032258064516,,1,8
435-261,1,435-261PL2,,0.21875,0.2222222222222222,,1,8
435-261,2,435-261PL1,1,0.1875,0.13157894736842105,0.07142857142857142,0,7
435-261,2,435-261PL2,1,0.1875,0.12121212121212122,0.18181818181818182,0,5
435-261,5,435-261PL1,2,0.4375,0.28125,0.08695652173913043,6,18
435-261,5,435-261PL2,2,0.4375,0.34375,0.08,6,22
435-261,6,435-261PL1,5,0.359375,0.265625,0.12903225806451613,4,17
435-261,6,435-261PL2,5,0.359375,0.3157894736842105,0.09090909090909091,4,14
435-261,7,435-261PL1,6,0.234375,0.21875,0.24,1,14
435-261,7,435-261PL2,6,0.234375,0.09375,0.13333333333333333,1,3
435-261,10,435-261PL1,7,0.75,0.625,0.20512820512820512,5,33
435-261,10,435-261PL2,7,0.75,0.78125,0.037037037037037035,5,25
435-261,11,435-261PL1,10,1.0,1.0,0.5853658536585366,0,32
435-261,11,435-261PL2,10,1.0,1.0,0.78125,0,32
435-261,14,435-261PL1,11,1.0,1.0,1.0,0,32
435-261,14,435-261PL2,11,1.0,1.0,1.0,0,32
435-261,15,435-261PL1,14,1.0,1.0,1.0,0,32
435-261,15,435-261PL2,14,1.0,1.0,1.0,0,32
435-261,17,435-261PL1,15,0.984375,1.0,1.0,1,32
435-261,17,435-261PL2,15,0.984375,0.9696969696969697,0.9696969696969697,1,33
435-261,20,435-261PL1,17,1.0,1.0,1.0,0,32
435-261,20,435-261PL2,17,1.0,1.0,0.9696969696969697,0,32
435-261,21,435-261PL1,20,1.0,1.0,1.0,0,32
435-261,21,435-261PL2,20,1.0,1.0,1.0,0,32
435-261,23,435-261PL1,21,1.0,1.0,1.0,0,32
435-261,23,435-261PL2,21,1.0,1.0,1.0,0,32
435-261,24,435-261PL1,23,1.0,1.0,1.0,0,32
435-261,24,435-261PL2,23,1.0,1.0,1.0,0,32
435-261,25,435-261PL1,24,1.0,1.0,1.0,0,32
435-261,25,435-261PL2,24,1.0,1.0,1.0,0,32
435-261,26,435-261PL1,25,1.0,1.0,1.0,0,32
435-261,26,435-261PL2,25,1.0,1.0,1.0,0,32
435-261,27,435-261PL1,26,1.0,1.0,1.0,0,32
435-261,27,435-261PL2,26,1.0,1.0,1.0,0,32
435-261,28,435-261PL1,27,1.0,1.0,1.0,0,32
435-261,28,435-261PL2,27,1.0,1.0,1.0,0,32
435-261,29,435-261PL1,28,1.0,1.0,1.0,0,32
435-261,29,435-261PL2,28,1.0,1.0,1.0,0,32
435-261,33,435-261PL1,29,1.0,1.0,1.0,0,32
435-261,33,435-261PL2,29,1.0,1.0,1.0,0,32
435-261,36,435-261PL1,33,0.984375,0.9696969696969697,0.9696969696969697,1,33
435-261,36,435-261PL2,33,0.984375,1.0,1.0,1,32
435-261,39,435-261PL1,36,1.0,1.0,0.9696969696969697,0,32
435-261,39,435-261PL2,36,1.0,1.0,1.0,0,32
435-261,40,435-261PL1,39,1.0,1.0,1.0,0,32
435-261,40,435-261PL2,39,1.0,1.0,1.0,0,32
435-261,45,435-261PL1,40,1.0,1.0,1.0,0,32
435-261,45,435-261PL2,40,1.0,1.0,1.0,0,32
435-261,47,435-261PL1,45,1.0,1.0,1.0,0,32
435-261,47,435-261PL2,45,1.0,1.0,1.0,0,32
435-261,48,435-261PL1,47,1.0,1.0,1.0,0,32
435-261,48,435-261PL2,47,1.0,1.0,1.0,0,32
435-261,52,435-261PL1,48,1.0,1.0,1.0,0,32
435-261,52,435-261PL2,48,1.0,1.0,1.0,0,32
435-261,54,435-261PL1,52,1.0,1.0,1.0,0,32
435-261,54,435-261PL2,52,1.0,1.0,1.0,0,32
435-261,55,435-261PL1,54,1.0,1.0,1.0,0,32
435-261,55,435-261PL2,54,1.0,1.0,1.0,0,32
435-261,57,435-261PL1,55,1.0,1.0,1.0,0,32
435-261,57,435-261PL2,55,1.0,1.0,1.0,0,32
435-261,58,435-261PL1,57,1.0,1.0,1.0,0,32
435-261,58,435-261PL2,57,1.0,1.0,1.0,0,32
435-261,59,435-261PL1,58,1.0,1.0,1.0,0,32
435-261,59,435-261PL2,58,1.0,1.0,1.0,0,32
444-475,1,444-475PL1,,0.421875,0.4,,5,20
444-475,1,444-475PL2,,0.421875,0.358974358974359,,5,17
444-475,3,444-475PL1,1,0.421875,0.5405405405405406,0.21621621621621623,11,25
444-475,3,444-475PL2,1,0.421875,0.3953488372093023,0.28125,11,24
444-475,4,444-475PL1,3,0.5,0.53125,0.5128205128205128,22,34
444-475,4,444-475PL2,3,0.5,0.65625,0.2222222222222222,22,42
444-475,5,444-475PL1,4,0.421875,0.37142857142857144,0.06382978723404255,3,16
444-475,5,444-475PL2,4,0.421875,0.2894736842105263,0.22916666666666666,3,17
444-475,6,444-475PL1,5,0.46875,0.45,0.07692307692307693,11,26
444-475,6,444-475PL2,5,0.46875,0.40625,0.22857142857142856,11,26
444-475,7,444-475PL1,6,0.4375,0.43243243243243246,0.3055555555555556,9,21
444-475,7,444-475PL2,6,0.4375,0.46153846153846156,0.1590909090909091,9,25
444-475,10,444-475PL1,7,0.78125,0.8181818181818182,0.16666666666666666,14,28
444-475,10,444-475PL2,7,0.78125,0.78125,0.4423076923076923,14,50
444-475,13,444-475PL1,10,0.46875,0.8333333333333334,0.7222222222222222,23,34
444-475,13,444-475PL2,10,0.46875,0.7619047619047619,0.4838709677419355,23,42
444-475,14,444-475PL1,13,0.484375,0.71875,0.3333333333333333,27,46
444-475,14,444-475PL2,13,0.484375,0.609375,0.42105263157894735,27,39
444-475,16,444-475PL1,14,0.484375,0.9375,0.5833333333333334,16,30
444-475,16,444-475PL2,14,0.484375,0.515625,0.46938775510204084,16,33
444-475,17,444-475PL1,16,0.53125,1.0,0.9375,13,32
444-475,17,444-475PL2,16,0.53125,0.45454545454545453,0.2708333333333333,13,28
444-475,18,444-475PL1,17,0.625,1.0,1.0,17,32
444-475,18,444-475PL2,17,0.625,0.65625,0.42857142857142855,17,42
444-475,19,444-475PL1,18,0.546875,0.6578947368421053,0.6578947368421053,16,31
444-475,19,444-475PL2,18,0.546875,0.6,0.3448275862068966,16,36
444-475,21,444-475PL1,19,0.5,0.4375,0.18,17,28
444-475,21,444-475PL2,19,0.5,0.59375,0.5102040816326531,17,38
444-475,23,444-475PL1,21,0.734375,0.7435897435897436,0.30612244897959184,16,36
444-475,23,444-475PL2,21,0.734375,0.7441860465116279,0.35,16,43
444-475,27,444-475PL1,23,0.609375,0.546875,0.33962264150943394,13,35
444-475,27,444-475PL2,23,0.609375,0.46875,0.37735849056603776,13,30
444-475,30,444-475PL1,27,0.75,0.9411764705882353,0.38,11,34
444-475,30,444-475PL2,27,0.75,0.6585365853658537,0.29411764705882354,11,36
444-475,32,444-475PL1,30,0.65625,0.46511627906976744,0.38636363636363635,5,27
444-475,32,444-475PL2,30,0.65625,0.5,0.35555555555555557,5,25
444-475,33,444-475PL1,32,0.453125,0.484375,0.20833333333333334,19,31
444-475,33,444-475PL2,32,0.453125,0.5625,0.35555555555555557,19,36
444-475,36,444-475PL1,33,0.5,0.725,0.36,15,37
444-475,36,444-475PL2,33,0.5,0.390625,0.2978723404255319,15,25
444-475,37,444-475PL1,36,0.625,0.7647058823529411,0.16071428571428573,9,28
444-475,37,444-475PL2,36,0.625,0.5121951219512195,0.30952380952380953,9,30
444-475,39,444-475PL1,37,0.46875,0.47368421052631576,0.2682926829268293,10,24
444-475,39,444-475PL2,37,0.46875,0.40625,0.3333333333333333,10,26
444-475,42,444-475PL1,39,0.625,0.7142857142857143,0.20930232558139536,4,28
444-475,42,444-475PL2,39,0.625,0.4,0.24324324324324326,4,20
444-475,43,444-475PL1,42,0.671875,0.9375,0.7575757575757576,6,30
444-475,43,444-475PL2,42,0.671875,0.5,0.40625,6,25
444-475,44,444-475PL1,43,0.578125,0.8484848484848485,0.7878787878787878,8,29
444-475,44,444-475PL2,43,0.578125,0.4,0.2894736842105263,8,24
444-475,48,444-475PL1,44,0.671875,0.6060606060606061,0.6666666666666666,4,21
444-475,48,444-475PL2,44,0.671875,0.5,0.38461538461538464,4,30
444-475,52,444-475PL1,48,0.203125,0.21428571428571427,0.2857142857142857,0,6
444-475,52,444-475PL2,48,0.203125,0.11428571428571428,0.15625,0,7
444-475,53,444-475PL1,52,0.0625,1.0,0.0,0,0
444-475,53,444-475PL2,52,0.0625,0.1111111111111111,0.0,0,4
462-640,1,462-640PL1,,0.0,1.0,,0,0
462-640,1,462-640PL2,,0.0,1.0,,0,0
462-640,2,462-640PL1,1,0.015625,0.03571428571428571,0.0,0,1
462-640,2,462-640PL2,1,0.015625,1.0,1.0,0,0
462-640,4,462-640PL1,2,0.796875,0.2894736842105263,0.07692307692307693,13,13
462-640,4,462-640PL2,2,0.796875,1.0,0.0,13,64
462-640,5,462-640PL1,4,0.421875,0.390625,0.11764705882352941,8,25
462-640,5,462-640PL2,4,0.421875,0.2857142857142857,0.28125,8,18
462-640,6,462-640PL1,5,0.21875,0.14285714285714285,0.07407407407407407,1,4
462-640,6,462-640PL2,5,0.21875,0.23076923076923078,0.2,1,12
462-640,7,462-640PL1,6,0.40625,0.5675675675675675,0.0,5,26
462-640,7,462-640PL2,6,0.40625,0.21052631578947367,0.2222222222222222,5,10
462-640,9,462-640PL1,7,0.40625,0.4375,0.125,10,28
462-640,9,462-640PL2,7,0.40625,0.2857142857142857,0.16666666666666666,10,18
462-640,11,462-640PL1,9,0.515625,0.46511627906976744,0.30952380952380953,8,27
462-640,11,462-640PL2,9,0.515625,0.34375,0.1111111111111111,8,22
462-640,14,462-640PL1,11,0.453125,0.59375,0.32653061224489793,20,38
462-640,14,462-640PL2,11,0.453125,0.484375,0.2619047619047619,20,31
462-640,15,462-640PL1,14,0.640625,0.29411764705882354,0.1111111111111111,10,12
462-640,15,462-640PL2,14,0.640625,0.765625,0.45454545454545453,10,49
462-640,17,462-640PL1,15,0.984375,0.03571428571428571,0.08333333333333333,1,1
462-640,17,462-640PL2,15,0.984375,1.0,0.765625,1,64
462-640,20,462-640PL1,17,0.984375,1.0,0.0,0,0
462-640,20,462-640PL2,17,0.984375,0.984375,0.984375,0,63
462-640,24,462-640PL1,20,1.0,1.0,1.0,0,0
462-640,24,462-640PL2,20,1.0,1.0,0.984375,0,64
462-640,27,462-640PL1,24,1.0,1.0,1.0,0,0
462-640,27,462-640PL2,24,1.0,1.0,1.0,0,64
462-640,28,462-640PL1,27,1.0,1.0,1.0,0,0
462-640,28,462-640PL2,27,1.0,1.0,1.0,0,64
462-640,30,462-640PL1,28,1.0,1.0,1.0,0,0
462-640,30,462-640PL2,28,1.0,1.0,1.0,0,64
462-640,31,462-640PL1,30,1.0,1.0,1.0,0,0
462-640,31,462-640PL2,30,1.0,1.0,1.0,0,64
462-640,33,462-640PL1,31,1.0,1.0,1.0,0,0
462-640,33,462-640PL2,31,1.0,1.0,1.0,0,64
462-640,35,462-640PL1,33,1.0,1.0,1.0,0,0
462-640,35,462-640PL2,33,1.0,1.0,1.0,0,64
462-640,36,462-640PL1,35,0.984375,0.03571428571428571,0.0,1,1
462-640,36,462-640PL2,35,0.984375,1.0,1.0,1,64
462-640,37,462-640PL1,36,1.0,1.0,0.0,0,0
462-640,37,462-640PL2,36,1.0,1.0,1.0,0,64
462-640,40,462-640PL1,37,1.0,1.0,1.0,0,0
462-640,40,462-640PL2,37,1.0,1.0,1.0,0,64
462-640,42,462-640PL1,40,1.0,1.0,1.0,0,0
462-640,42,462-640PL2,40,1.0,1.0,1.0,0,64
462-640,45,462-640PL1,42,1.0,1.0,1.0,0,0
462-640,45,462-640PL2,42,1.0,1.0,1.0,0,64
462-640,46,462-640PL1,45,1.0,1.0,1.0,0,0
462-640,46,462-640PL2,45,1.0,1.0,1.0,0,64
462-640,47,462-640PL1,46,1.0,1.0,1.0,0,0
462-640,47,462-640PL2,46,1.0,1.0,1.0,0,64
462-640,49,462-640PL1,47,1.0,1.0,1.0,0,0
462-640,49,462-640PL2,47,1.0,1.0,1.0,0,64
462-640,51,462-640PL1,49,1.0,1.0,1.0,0,0
462-640,51,462-640PL2,49,1.0,1.0,1.0,0,64
462-640,52,462-640PL1,51,1.0,1.0,1.0,0,0
462-640,52,462-640PL2,51,1.0,1.0,1.0,0,64
462-640,53,462-640PL1,52,1.0,1.0,1.0,0,0
462-640,53,462-640PL2,52,1.0,1.0,1.0,0,64
462-640,55,462-640PL1,53,1.0,1.0,1.0,0,0
462-640,55,462-640PL2,53,1.0,1.0,1.0,0,64
462-640,56,462-640PL1,55,1.0,1.0,1.0,0,0
462-640,56,462-640PL2,55,1.0,1.0,1.0,0,64
469-569,1,469-569PL1,,0.484375,0.5625,,29,36
469-569,1,469-569PL2,,0.484375,0.828125,,29,53
469-569,2,469-569PL1,1,0.25,0.890625,0.603448275862069,44,57
469-569,2,469-569PL2,1,0.25,0.734375,0.5625,44,47
469-569,4,469-569PL1,2,0.390625,0.734375,0.7333333333333333,36,47
469-569,4,469-569PL2,2,0.390625,0.78125,0.5396825396825397,36,50
469-569,5,469-569PL1,4,0.84375,0.8,0.6111111111111112,10,40
469-569,5,469-569PL2,4,0.84375,0.9411764705882353,0.6153846153846154,10,34
469-569,8,469-569PL1,5,0.984375,0.9696969696969697,0.7804878048780488,1,33
469-569,8,469-569PL2,5,0.984375,1.0,0.9411764705882353,1,32
469-569,9,469-569PL1,8,0.984375,1.0,0.9696969696969697,1,32
469-569,9,469-569PL2,8,0.984375,0.9696969696969697,0.9696969696969697,1,33
469-569,14,469-569PL1,9,1.0,1.0,1.0,0,32
469-569,14,469-569PL2,9,1.0,1.0,0.9696969696969697,0,32
469-569,15,469-569PL1,14,0.984375,1.0,1.0,1,32
469-569,15,469-569PL2,14,0.984375,0.9696969696969697,0.9696969696969697,1,33
469-569,17,469-569PL1,15,0.984375,1.0,1.0,1,32
469-569,17,469-569PL2,15,0.984375,0.9696969696969697,0.9411764705882353,1,33
469-569,18,469-569PL1,17,1.0,1.0,1.0,0,32
469-569,18,469-569PL2,17,1.0,1.0,0.9696969696969697,0,32
469-569,20,469-569PL1,18,1.0,1.0,1.0,0,32
469-569,20,469-569PL2,18,1.0,1.0,1.0,0,32
469-569,22,469-569PL1,20,1.0,1.0,1.0,0,32
469-569,22,469-569PL2,20,1.0,1.0,1.0,0,32
469-569,24,469-569PL1,22,1.0,1.0,1.0,0,32
469-569,24,469-569PL2,22,1.0,1.0,1.0,0,32
469-569,25,469-569PL1,24,1.0,1.0,1.0,0,32
469-569,25,469-569PL2,24,1.0,1.0,1.0,0,32
469-569,26,469-569PL1,25,1.0,1.0,1.0,0,32
469-569,26,469-569PL2,25,1.0,1.0,1.0,0,32
469-569,27,469-569PL1,26,1.0,1.0,1.0,0,32
469-569,27,469-569PL2,26,1.0,1.0,1.0,0,32
469-569,28,469-569PL1,27,1.0,1.0,1.0,0,32
469-569,28,469-569PL2,27,1.0,1.0,1.0,0,32
469-569,29,469-569PL1,28,1.0,1.0,1.0,0,32
469-569,29,469-569PL2,28,1.0,1.0,1.0,0,32
469-569,30,469-569PL1,29,1.0,1.0,1.0,0,32
469-569,30,469-569PL2,29,1.0,1.0,1.0,0,32
469-569,31,469-569PL1,30,1.0,1.0,1.0,0,32
469-569,31,469-569PL2,30,1.0,1.0,1.0,0,32
469-569,32,469-569PL1,31,1.0,1.0,1.0,0,32
469-569,32,469-569PL2,31,1.0,1.0,1.0,0,32
469-569,34,469-569PL1,32,1.0,1.0,1.0,0,32
469-569,34,469-569PL2,32,1.0,1.0,1.0,0,32
469-569,35,469-569PL1,34,1.0,1.0,1.0,0,32
469-569,35,469-569PL2,34,1.0,1.0,1.0,0,32
469-569,36,469-569PL1,35,1.0,1.0,1.0,0,32
469-569,36,469-569PL2,35,1.0,1.0,1.0,0,32
469-569,43,469-569PL1,36,1.0,1.0,1.0,0,32
469-569,43,469-569PL2,36,1.0,1.0,1.0,0,32
469-569,44,469-569PL1,43,1.0,1.0,1.0,0,32
469-569,44,469-569PL2,43,1.0,1.0,1.0,0,32
469-569,47,469-569PL1,44,0.984375,1.0,1.0,1,32
469-569,47,469-569PL2,44,0.984375,0.9696969696969697,0.9696969696969697,1,33
469-569,48,469-569PL1,47,1.0,1.0,1.0,0,32
469-569,48,469-569PL2,47,1.0,1.0,0.9696969696969697,0,32
469-569,49,469-569PL1,48,1.0,1.0,1.0,0,32
469-569,49,469-569PL2,48,1.0,1.0,1.0,0,32
469-569,52,469-569PL1,49,0.984375,1.0,1.0,1,32
469-569,52,469-569PL2,49,0.984375,0.9696969696969697,0.9696969696969697,1,33
469-569,54,469-569PL1,52,1.0,1.0,1.0,0,32
469-569,54,469-569PL2,52,1.0,1.0,0.9696969696969697,0,32
469-569,57,469-569PL1,54,0.984375,1.0,1.0,1,32
469-569,57,469-569PL2,54,0.984375,0.9696969696969697,0.9696969696969697,1,33
469-569,58,469-569PL1,57,1.0,1.0,1.0,0,32
469-569,58,469-569PL2,57,1.0,1.0,0.9696969696969697,0,32
475-186,1,475-186PL1,,0.296875,0.03571428571428571,,0,1
475-186,1,475-186PL2,,0.296875,0.3157894736842105,,0,18
475-186,8,475-186PL1,1,0.296875,0.2894736842105263,0.0,0,17
475-186,8,475-186PL2,1,0.296875,0.0625,0.0,0,2
475-186,15,475-186PL1,8,0.140625,0.24242424242424243,0.13043478260869565,0,9
475-186,15,475-186PL2,8,0.140625,1.0,0.0,0,0
475-186,16,475-186PL1,15,0.109375,0.14705882352941177,0.23076923076923078,0,7
475-186,16,475-186PL2,15,0.109375,1.0,1.0,0,0
475-186,17,475-186PL1,16,0.140625,0.18421052631578946,0.06666666666666667,0,9
475-186,17,475-186PL2,16,0.140625,1.0,1.0,0,0
475-186,19,475-186PL1,17,0.625,0.1875,0.07142857142857142,1,6
475-186,19,475-186PL2,17,0.625,0.5813953488372093,0.0,1,36
475-186,20,475-186PL1,19,0.578125,0.09375,0.125,1,3
475-186,20,475-186PL2,19,0.578125,0.5625,0.4117647058823529,1,36
475-186,21,475-186PL1,20,0.421875,0.2727272727272727,0.0,5,10
475-186,21,475-186PL2,20,0.421875,0.5277777777777778,0.3404255319148936,5,27
475-186,28,475-186PL1,21,0.0,1.0,0.0,0,0
475-186,28,475-186PL2,21,0.0,1.0,0.0,0,0
475-186,30,475-186PL1,28,0.46875,1.0,1.0,0,0
475-186,30,475-186PL2,28,0.46875,0.55,0.0,0,30
475-186,32,475-186PL1,30,0.34375,0.2631578947368421,0.0,3,12
475-186,32,475-186PL2,30,0.34375,0.25,0.24324324324324326,3,16
475-186,33,475-186PL1,32,0.046875,0.0625,0.16666666666666666,0,2
475-186,33,475-186PL2,32,0.046875,0.03125,0.0,0,1
475-186,35,475-186PL1,33,0.0,1.0,0.0,0,0
475-186,35,475-186PL2,33,0.0,1.0,0.0,0,0
475-186,44,475-186PL1,35,0.015625,1.0,1.0,0,0
475-186,44,475-186PL2,35,0.015625,0.03571428571428571,0.0,0,1
475-186,45,475-186PL1,44,0.015625,1.0,1.0,0,0
475-186,45,475-186PL2,44,0.015625,0.03571428571428571,0.0,0,1
475-186,46,475-186PL1,45,0.0,1.0,1.0,0,0
475-186,46,475-186PL2,45,0.0,1.0,0.0,0,0
475-186,47,475-186PL1,46,0.0,1.0,1.0,0,0
475-186,47,475-186PL2,46,0.0,1.0,1.0,0,0
475-186,49,475-186PL1,47,0.0,1.0,1.0,0,0
475-186,49,475-186PL2,47,0.0,1.0,1.0,0,0
475-186,50,475-186PL1,49,0.0,1.0,1.0,0,0
475-186,50,475-186PL2,49,0.0,1.0,1.0,0,0
475-186,51,475-186PL1,50,0.0,1.0,1.0,0,0
475-186,51,475-186PL2,50,0.0,1.0,1.0,0,0
475-186,52,475-186PL1,51,0.0,1.0,1.0,0,0
475-186,52,475-186PL2,51,0.0,1.0,1.0,0,0
475-186,55,475-186PL1,52,0.0,1.0,1.0,0,0
475-186,55,475-186PL2,52,0.0,1.0,1.0,0,0
475-186,56,475-186PL1,55,0.0,1.0,1.0,0,0
475-186,56,475-186PL2,55,0.0,1.0,1.0,0,0
475-186,59,475-186PL1,56,0.0,1.0,1.0,0,0
475-186,59,475-186PL2,56,0.0,1.0,1.0,0,0
483-710,1,483-710PL1,,0.109375,0.16666666666666666,,0,6
483-710,1,483-710PL2,,0.109375,0.03125,,0,1
483-710,2,483-710PL1,1,0.171875,0.24324324324324326,0.14285714285714285,0,10
483-710,2,483-710PL2,1,0.171875,0.03125,0.0,0,1
483-710,3,483-710PL1,2,0.34375,0.3,0.08333333333333333,3,16
483-710,3,483-710PL2,2,0.34375,0.3333333333333333,0.08333333333333333,3,12
483-710,5,483-710PL1,3,0.28125,0.265625,0.1,2,17
483-710,5,483-710PL2,3,0.28125,0.1,0.13333333333333333,2,5
483-710,6,483-710PL1,5,0.203125,0.25,0.13043478260869565,0,9
483-710,6,483-710PL2,5,0.203125,0.09090909090909091,0.125,0,4
483-710,7,483-710PL1,6,0.234375,0.24324324324324326,0.26666666666666666,1,10
483-710,7,483-710PL2,6,0.234375,0.14705882352941177,0.0,1,7
483-710,8,483-710PL1,7,0.015625,1.0,0.0,0,0
483-710,8,483-710PL2,7,0.015625,0.03125,0.0,0,1
483-710,14,483-710PL1,8,0.6875,0.734375,0.0,7,47
483-710,14,483-710PL2,8,0.6875,0.23684210526315788,0.0,7,11
483-710,17,483-710PL1,14,0.546875,0.65625,0.5892857142857143,21,42
483-710,17,483-710PL2,14,0.546875,0.9142857142857143,0.24324324324324326,21,35
483-710,19,483-710PL1,17,0.46875,0.796875,0.576271186440678,28,51
483-710,19,483-710PL2,17,0.46875,0.5581395348837209,0.25,28,35
483-710,21,483-710PL1,19,0.65625,0.734375,0.6333333333333333,21,47
483-710,21,483-710PL2,19,0.65625,0.8648648648648649,0.2857142857142857,21,37
483-710,23,483-710PL1,21,0.25,0.890625,0.6774193548387096,47,57
483-710,23,483-710PL2,21,0.25,0.828125,0.6071428571428571,47,53
483-710,24,483-710PL1,23,0.515625,0.7111111111111111,0.6190476190476191,27,45
483-710,24,483-710PL2,23,0.515625,0.65625,0.5079365079365079,27,42
483-710,28,483-710PL1,24,0.546875,0.75,0.453125,29,48
483-710,28,483-710PL2,24,0.546875,0.7111111111111111,0.45,29,45
483-710,29,483-710PL1,28,0.296875,0.875,0.6774193548387096,45,56
483-710,29,483-710PL2,28,0.296875,0.828125,0.53125,45,53
483-710,31,483-710PL1,29,0.375,0.765625,0.6935483870967742,36,49
483-710,31,483-710PL2,29,0.375,0.734375,0.639344262295082,36,47
483-710,34,483-710PL1,31,0.390625,0.671875,0.4838709677419355,28,43
483-710,34,483-710PL2,31,0.390625,0.59375,0.46551724137931033,28,38
483-710,35,483-710PL1,34,0.625,0.734375,0.5789473684210527,10,47
483-710,35,483-710PL2,34,0.625,0.203125,0.24390243902439024,10,13
483-710,36,483-710PL1,35,0.59375,0.71875,0.6909090909090909,12,46
483-710,36,483-710PL2,35,0.59375,0.29411764705882354,0.20833333333333334,12,16
483-710,41,483-710PL1,36,0.703125,0.953125,0.7258064516129032,16,61
483-710,41,483-710PL2,36,0.703125,0.3333333333333333,0.18518518518518517,16,16
483-710,44,483-710PL1,41,0.671875,0.734375,0.7142857142857143,8,47
483-710,44,483-710PL2,41,0.671875,0.1891891891891892,0.21739130434782608,8,12
483-710,46,483-710PL1,44,0.734375,0.9375,0.7258064516129032,14,60
483-710,46,483-710PL2,44,0.734375,0.2647058823529412,0.08,14,15
483-710,48,483-710PL1,46,0.515625,0.859375,0.8253968253968254,25,55
483-710,48,483-710PL2,46,0.515625,0.4375,0.2647058823529412,25,28
483-710,50,483-710PL1,48,0.828125,0.9375,0.796875,7,60
483-710,50,483-710PL2,48,0.828125,0.18181818181818182,0.12903225806451613,7,7
483-710,51,483-710PL1,50,0.546875,0.765625,0.703125,15,49
483-710,51,483-710PL2,50,0.546875,0.3333333333333333,0.15,15,16
483-710,52,483-710PL1,51,0.546875,0.828125,0.7586206896551724,21,53
483-710,52,483-710PL2,51,0.546875,0.3953488372093023,0.2903225806451613,21,24
483-710,55,483-710PL1,52,0.546875,0.75,0.6290322580645161,17,48
483-710,55,483-710PL2,52,0.546875,0.328125,0.2857142857142857,17,21
483-710,58,483-710PL1,55,0.515625,0.6875,0.5862068965517241,19,44
483-710,58,483-710PL2,55,0.515625,0.421875,0.2,19,27
483-710,60,483-710PL1,58,0.59375,0.75,0.5862068965517241,13,48
483-710,60,483-710PL2,58,0.59375,0.2972972972972973,0.16216216216216217,13,16
487-811,1,487-811PL1,,0.0,1.0,,64,64
487-811,1,487-811PL2,,0.0,1.0,,64,64
487-811,2,487-811PL1,1,0.640625,1.0,1.0,23,64
487-811,2,487-811PL2,1,0.640625,0.41025641025641024,0.359375,23,23
487-811,3,487-811PL1,2,0.640625,1.0,1.0,23,64
487-811,3,487-811PL2,2,0.640625,0.375,0.2777777777777778,23,23
487-811,4,487-811PL1,3,0.78125,1.0,1.0,14,64
487-811,4,487-811PL2,3,0.78125,0.2777777777777778,0.15625,14,14
487-811,10,487-811PL1,4,0.8125,1.0,1.0,12,64
487-811,10,487-811PL2,4,0.8125,0.23076923076923078,0.18181818181818182,12,12
487-811,12,487-811PL1,10,0.828125,1.0,1.0,11,64
487-811,12,487-811PL2,10,0.828125,0.19444444444444445,0.15,11,11
487-811,13,487-811PL1,12,0.8125,1.0,1.0,12,64
487-811,13,487-811PL2,12,0.8125,0.3333333333333333,0.15,12,12
487-811,14,487-811PL1,13,0.65625,1.0,1.0,22,64
487-811,14,487-811PL2,13,0.65625,0.35,0.1724137931034483,22,22
487-811,19,487-811PL1,14,0.578125,1.0,1.0,27,64
487-811,19,487-811PL2,14,0.578125,0.43902439024390244,0.32432432432432434,27,27
487-811,20,487-811PL1,19,1.0,1.0,1.0,0,64
487-811,20,487-811PL2,19,1.0,1.0,0.0,0,0
487-811,21,487-811PL1,20,0.640625,1.0,1.0,23,64
487-811,21,487-811PL2,20,0.640625,0.4864864864864865,0.0,23,23
487-811,22,487-811PL1,21,0.984375,1.0,1.0,1,64
487-811,22,487-811PL2,21,0.984375,0.03125,0.0,1,1
487-811,24,487-811PL1,22,0.984375,1.0,1.0,1,64
487-811,24,487-811PL2,22,0.984375,0.03125,0.0,1,1
487-811,25,487-811PL1,24,1.0,1.0,1.0,0,64
487-811,25,487-811PL2,24,1.0,1.0,0.0,0,0
487-811,26,487-811PL1,25,1.0,1.0,1.0,0,64
487-811,26,487-811PL2,25,1.0,1.0,1.0,0,0
487-811,29,487-811PL1,26,0.15625,1.0,1.0,54,64
487-811,29,487-811PL2,26,0.15625,0.84375,0.0,54,54
487-811,32,487-811PL1,29,0.9375,1.0,1.0,4,64
487-811,32,487-811PL2,29,0.9375,0.14285714285714285,0.07407407407407407,4,4
487-811,34,487-811PL1,32,1.0,1.0,1.0,0,64
487-811,34,487-811PL2,32,1.0,1.0,0.0,0,0
487-811,35,487-811PL1,34,0.296875,1.0,1.0,45,64
487-811,35,487-811PL2,34,0.296875,0.703125,0.0,45,45
487-811,41,487-811PL1,35,1.0,1.0,1.0,0,64
487-811,41,487-811PL2,35,1.0,1.0,0.0,0,0
487-811,42,487-811PL1,41,0.75,1.0,1.0,16,64
487-811,42,487-811PL2,41,0.75,0.37142857142857144,0.0,16,16
487-811,43,487-811PL1,42,1.0,1.0,1.0,0,64
487-811,43,487-811PL2,42,1.0,1.0,0.0,0,0
487-811,45,487-811PL1,43,0.0,1.0,1.0,64,64
487-811,45,487-811PL2,43,0.0,1.0,0.0,64,64
487-811,46,487-811PL1,45,0.53125,1.0,1.0,30,64
487-811,46,487-811PL2,45,0.53125,0.47619047619047616,0.46875,30,30
487-811,49,487-811PL1,46,0.46875,1.0,1.0,34,64
487-811,49,487-811PL2,46,0.46875,0.53125,0.28,34,34
487-811,50,487-811PL1,49,1.0,1.0,1.0,0,64
487-811,50,487-811PL2,49,1.0,1.0,0.0,0,0
487-811,52,487-811PL1,50,1.0,1.0,1.0,0,64
487-811,52,487-811PL2,50,1.0,1.0,1.0,0,0
487-811,53,487-811PL1,52,0.546875,0.953125,0.953125,29,61
487-811,53,487-811PL2,52,0.546875,1.0,0.0,29,32
487-811,58,487-811PL1,53,0.46875,1.0,0.953125,34,64
487-811,58,487-811PL2,53,0.46875,0.7368421052631579,0.7368421052631579,34,34
487-811,59,487-811PL1,58,0.875,1.0,1.0,8,64
487-811,59,487-811PL2,58,0.875,0.125,0.13513513513513514,8,8
487-811,60,487-811PL1,59,0.4375,1.0,1.0,36,64
487-811,60,487-811PL2,59,0.4375,0.7,0.07317073170731707,36,36
505-833,3,505-833PL1,,0.125,0.13157894736842105,,0,7
505-833,3,505-833PL2,,0.125,0.03125,,0,1
505-833,4,505-833PL1,3,0.984375,1.0,0.109375,1,64
505-833,4,505-833PL2,3,0.984375,0.03571428571428571,0.0,1,1
505-833,7,505-833PL1,4,0.984375,1.0,1.0,1,64
505-833,7,505-833PL2,4,0.984375,0.03571428571428571,0.0,1,1
505-833,10,505-833PL1,7,0.984375,1.0,1.0,1,64
505-833,10,505-833PL2,7,0.984375,0.03125,0.0,1,1
505-833,12,505-833PL1,10,0.984375,1.0,1.0,1,64
505-833,12,505-833PL2,10,0.984375,0.03125,0.0,1,1
505-833,13,505-833PL1,12,0.984375,1.0,1.0,1,64
505-833,13,505-833PL2,12,0.984375,0.03125,0.0,1,1
505-833,17,505-833PL1,13,0.984375,1.0,1.0,1,64
505-833,17,505-833PL2,13,0.984375,0.03125,0.0,1,1
505-833,20,505-833PL1,17,0.984375,1.0,1.0,1,64
505-833,20,505-833PL2,17,0.984375,0.03571428571428571,0.0,1,1
505-833,21,505-833PL1,20,0.984375,1.0,1.0,1,64
505-833,21,505-833PL2,20,0.984375,0.03125,0.0,1,1
505-833,22,505-833PL1,21,0.984375,1.0,1.0,1,64
505-833,22,505-833PL2,21,0.984375,0.03125,0.0,1,1
505-833,25,505-833PL1,22,0.984375,1.0,1.0,1,64
505-833,25,505-833PL2,22,0.984375,0.03125,0.0,1,1
505-833,27,505-833PL1,25,0.984375,1.0,1.0,1,64
505-833,27,505-833PL2,25,0.984375,0.03125,0.0,1,1
505-833,29,505-833PL1,27,0.984375,1.0,1.0,1,64
505-833,29,505-833PL2,27,0.984375,0.03125,0.0,1,1
505-833,30,505-833PL1,29,0.984375,1.0,1.0,1,64
505-833,30,505-833PL2,29,0.984375,0.03125,0.0,1,1
505-833,31,505-833PL1,30,0.984375,1.0,1.0,1,64
505-833,31,505-833PL2,30,0.984375,0.03571428571428571,0.0,1,1
505-833,33,505-833PL1,31,0.984375,1.0,1.0,1,64
505-833,33,505-833PL2,31,0.984375,0.03125,0.0,1,1
505-833,36,505-833PL1,33,0.25,0.2702702702702703,0.234375,0,15
505-833,36,505-833PL2,33,0.25,0.03571428571428571,0.0,0,1
505-833,37,505-833PL1,36,0.96875,0.984375,0.23809523809523808,1,63
505-833,37,505-833PL2,36,0.96875,0.03125,0.0,1,1
505-833,40,505-833PL1,37,0.53125,0.53125,0.5396825396825397,8,34
505-833,40,505-833PL2,37,0.53125,0.3333333333333333,0.0,8,16
505-833,42,505-833PL1,40,0.453125,0.21052631578947367,0.1282051282051282,3,10
505-833,42,505-833PL2,40,0.453125,0.390625,0.1388888888888889,3,25
505-833,43,505-833PL1,42,0.296875,0.12903225806451613,0.0,4,7
505-833,43,505-833PL2,42,0.296875,0.4358974358974359,0.45161290322580644,4,20
505-833,45,505-833PL1,43,0.484375,0.390625,0.06666666666666667,6,25
505-833,45,505-833PL2,43,0.484375,0.35,0.35714285714285715,6,18
505-833,46,505-833PL1,45,0.25,0.09090909090909091,0.03571428571428571,0,4
505-833,46,505-833PL2,45,0.25,0.2571428571428571,0.30434782608695654,0,12
505-833,47,505-833PL1,46,0.3125,0.5625,0.02564102564102564,18,36
505-833,47,505-833PL2,46,0.3125,0.3125,0.18518518518518517,18,20
505-833,49,505-833PL1,47,0.390625,0.3170731707317073,0.2,8,18
505-833,49,505-833PL2,47,0.390625,0.359375,0.13157894736842105,8,23
505-833,56,505-833PL1,49,0.515625,1.0,0.0,0,0
505-833,56,505-833PL2,49,0.515625,0.515625,0.24444444444444444,0,33
505-833,59,505-833PL1,56,0.578125,0.12121212121212122,0.0,3,5
505-833,59,505-833PL2,56,0.578125,0.59375,0.2909090909090909,3,38
538-623,1,538-623PL1,,0.53125,1.0,,30,64
538-623,1,538-623PL2,,0.53125,0.631578947368421,,30,30
538-623,2,538-623PL1,1,0.015625,0.984375,0.984375,63,63
538-623,2,538-623PL2,1,0.015625,1.0,0.46875,63,64
538-623,4,538-623PL1,2,0.203125,0.796875,0.78125,51,51
538-623,4,538-623PL2,2,0.203125,1.0,1.0,51,64
538-623,6,538-623PL1,4,0.0,1.0,0.796875,64,64
538-623,6,538-623PL2,4,0.0,1.0,1.0,64,64
538-623,8,538-623PL1,6,0.203125,0.796875,0.796875,51,51
538-623,8,538-623PL2,6,0.203125,1.0,1.0,51,64
538-623,9,538-623PL1,8,0.15625,0.84375,0.640625,54,54
538-623,9,538-623PL2,8,0.15625,1.0,1.0,54,64
538-623,12,538-623PL1,9,0.0,1.0,0.84375,64,64
538-623,12,538-623PL2,9,0.0,1.0,1.0,64,64
538-623,13,538-623PL1,12,0.015625,0.984375,0.984375,63,63
538-623,13,538-623PL2,12,0.015625,1.0,1.0,63,64
538-623,15,538-623PL1,13,0.0,1.0,0.984375,64,64
538-623,15,538-623PL2,13,0.0,1.0,1.0,64,64
538-623,16,538-623PL1,15,0.0625,0.9375,0.9375,60,60
538-623,16,538-623PL2,15,0.0625,1.0,1.0,60,64
538-623,17,538-623PL1,16,0.28125,0.71875,0.65625,46,46
538-623,17,538-623PL2,16,0.28125,1.0,1.0,46,64
538-623,18,538-623PL1,17,0.0,1.0,0.71875,64,64
538-623,18,538-623PL2,17,0.0,1.0,1.0,64,64
538-623,19,538-623PL1,18,0.203125,0.84375,0.84375,51,54
538-623,19,538-623PL2,18,0.203125,0.953125,0.953125,51,61
538-623,20,538-623PL1,19,0.0,1.0,0.84375,64,64
538-623,20,538-623PL2,19,0.0,1.0,0.953125,64,64
538-623,22,538-623PL1,20,0.125,0.875,0.875,56,56
538-623,22,538-623PL2,20,0.125,1.0,1.0,56,64
538-623,23,538-623PL1,22,0.0,1.0,0.875,64,64
538-623,23,538-623PL2,22,0.0,1.0,1.0,64,64
538-623,26,538-623PL1,23,0.15625,0.84375,0.84375,54,54
538-623,26,538-623PL2,23,0.15625,1.0,1.0,54,64
538-623,28,538-623PL1,26,0.0,1.0,0.84375,64,64
538-623,28,538-623PL2,26,0.0,1.0,1.0,64,64
538-623,29,538-623PL1,28,0.1875,0.8125,0.8125,52,52
538-623,29,538-623PL2,28,0.1875,1.0,1.0,52,64
538-623,30,538-623PL1,29,0.25,0.75,0.9230769230769231,48,48
538-623,30,538-623PL2,29,0.25,1.0,1.0,48,64
538-623,31,538-623PL1,30,0.21875,0.78125,0.53125,50,50
538-623,31,538-623PL2,30,0.21875,1.0,1.0,50,64
538-623,33,538-623PL1,31,0.140625,0.859375,0.640625,55,55
538-623,33,538-623PL2,31,0.140625,1.0,1.0,55,64
538-623,34,538-623PL1,33,0.140625,0.875,0.734375,55,56
538-623,34,538-623PL2,33,0.140625,0.984375,0.984375,55,63
538-623,35,538-623PL1,34,0.203125,0.796875,0.6984126984126984,51,51
538-623,35,538-623PL2,34,0.203125,1.0,0.984375,51,64
538-623,36,538-623PL1,35,0.84375,0.9411764705882353,0.6346153846153846,10,34
538-623,36,538-623PL2,35,0.84375,0.8,0.625,10,40
538-623,37,538-623PL1,36,0.671875,0.8,0.85,21,40
538-623,37,538-623PL2,36,0.671875,0.7111111111111111,0.8888888888888888,21,45
538-623,38,538-623PL1,37,0.875,1.0,0.8,8,32
538-623,38,538-623PL2,37,0.875,0.8,0.8888888888888888,8,40
538-623,39,538-623PL1,38,0.921875,0.9696969696969697,0.9696969696969697,5,33
538-623,39,538-623PL2,38,0.921875,0.8888888888888888,0.9,5,36
538-623,41,538-623PL1,39,0.90625,0.9142857142857143,0.9428571428571428,6,35
538-623,41,538-623PL2,39,0.90625,0.9142857142857143,0.8205128205128205,6,35
538-623,44,538-623PL1,41,0.875,1.0,0.9142857142857143,8,32
538-623,44,538-623PL2,41,0.875,0.8,0.875,8,40
538-623,45,538-623PL1,44,0.921875,0.9696969696969697,0.9696969696969697,5,33
538-623,45,538-623PL2,44,0.921875,0.8888888888888888,0.9,5,36
538-623,46,538-623PL1,45,0.890625,1.0,0.9696969696969697,7,32
538-623,46,538-623PL2,45,0.890625,0.8205128205128205,0.9230769230769231,7,39
538-623,48,538-623PL1,46,0.890625,0.96875,0.96875,7,31
538-623,48,538-623PL2,46,0.890625,0.8,0.975,7,40
538-623,49,538-623PL1,48,0.953125,0.90625,0.9354838709677419,3,29
538-623,49,538-623PL2,48,0.953125,0.8421052631578947,0.95,3,38
538-623,51,538-623PL1,49,0.953125,0.9142857142857143,0.8285714285714286,3,35
538-623,51,538-623PL2,49,0.953125,1.0,0.8421052631578947,3,32
538-623,52,538-623PL1,51,0.90625,1.0,0.9142857142857143,6,32
538-623,52,538-623PL2,51,0.90625,0.8421052631578947,0.8421052631578947,6,38
538-623,53,538-623PL1,52,0.9375,1.0,1.0,4,32
538-623,53,538-623PL2,52,0.9375,0.8888888888888888,0.9473684210526315,4,36
538-623,54,538-623PL1,53,0.953125,0.96875,0.96875,3,31
538-623,54,538-623PL2,53,0.953125,0.8888888888888888,1.0,3,36
538-623,55,538-623PL1,54,0.9375,0.8125,0.8387096774193549,2,26
538-623,55,538-623PL2,54,0.9375,0.8421052631578947,0.85,2,38
538-623,57,538-623PL1,55,0.953125,0.84375,0.9629629629629629,3,27
538-623,57,538-623PL2,55,0.953125,0.8,0.95,3,40
538-623,60,538-623PL1,57,0.90625,0.96875,0.8125,5,31
538-623,60,538-623PL2,57,0.90625,0.8648648648648649,0.925,5,37
546-111,1,546-111PL1,,0.890625,1.0,,7,64
546-111,1,546-111PL2,,0.890625,0.19444444444444445,,7,7
546-111,5,546-111PL1,1,0.90625,0.9696969696969697,0.515625,6,33
546-111,5,546-111PL2,1,0.90625,0.8648648648648649,0.1,6,37
546-111,7,546-111PL1,5,0.96875,0.9142857142857143,0.8888888888888888,2,35
546-111,7,546-111PL2,5,0.96875,0.96875,0.8378378378378378,2,31
546-111,8,546-111PL1,7,0.984375,0.9696969696969697,0.9428571428571428,1,33
546-111,8,546-111PL2,7,0.984375,1.0,0.96875,1,32
546-111,11,546-111PL1,8,0.984375,0.9696969696969697,1.0,1,33
546-111,11,546-111PL2,8,0.984375,1.0,1.0,1,32
546-111,12,546-111PL1,11,0.984375,0.9696969696969697,1.0,1,33
546-111,12,546-111PL2,11,0.984375,1.0,1.0,1,32
546-111,15,546-111PL1,12,0.96875,0.9411764705882353,0.9705882352941176,2,34
546-111,15,546-111PL2,12,0.96875,1.0,1.0,2,32
546-111,16,546-111PL1,15,1.0,1.0,0.9411764705882353,0,32
546-111,16,546-111PL2,15,1.0,1.0,1.0,0,32
546-111,17,546-111PL1,16,1.0,1.0,1.0,0,32
546-111,17,546-111PL2,16,1.0,1.0,1.0,0,32
546-111,20,546-111PL1,17,1.0,1.0,1.0,0,32
546-111,20,546-111PL2,17,1.0,1.0,1.0,0,32
546-111,21,546-111PL1,20,1.0,1.0,1.0,0,32
546-111,21,546-111PL2,20,1.0,1.0,1.0,0,32
546-111,22,546-111PL1,21,1.0,1.0,1.0,0,32
546-111,22,546-111PL2,21,1.0,1.0,1.0,0,32
546-111,23,546-111PL1,22,1.0,1.0,1.0,0,32
546-111,23,546-111PL2,22,1.0,1.0,1.0,0,32
546-111,25,546-111PL1,23,1.0,1.0,1.0,0,32
546-111,25,546-111PL2,23,1.0,1.0,1.0,0,32
546-111,27,546-111PL1,25,1.0,1.0,1.0,0,32
546-111,27,546-111PL2,25,1.0,1.0,1.0,0,32
546-111,29,546-111PL1,27,1.0,1.0,1.0,0,32
546-111,29,546-111PL2,27,1.0,1.0,1.0,0,32
546-111,31,546-111PL1,29,1.0,1.0,1.0,0,32
546-111,31,546-111PL2,29,1.0,1.0,1.0,0,32
546-111,33,546-111PL1,31,1.0,1.0,1.0,0,32
546-111,33,546-111PL2,31,1.0,1.0,1.0,0,32
546-111,34,546-111PL1,33,1.0,1.0,1.0,0,32
546-111,34,546-111PL2,33,1.0,1.0,1.0,0,32
546-111,42,546-111PL1,34,1.0,1.0,1.0,0,32
546-111,42,546-111PL2,34,1.0,1.0,1.0,0,32
546-111,45,546-111PL1,42,1.0,1.0,1.0,0,32
546-111,45,546-111PL2,42,1.0,1.0,1.0,0,32
546-111,46,546-111PL1,45,1.0,1.0,1.0,0,32
546-111,46,546-111PL2,45,1.0,1.0,1.0,0,32
546-111,47,546-111PL1,46,1.0,1.0,1.0,0,32
546-111,47,546-111PL2,46,1.0,1.0,1.0,0,32
546-111,49,546-111PL1,47,1.0,1.0,1.0,0,32
546-111,49,546-111PL2,47,1.0,1.0,1.0,0,32
546-111,50,546-111PL1,49,1.0,1.0,1.0,0,32
546-111,50,546-111PL2,49,1.0,1.0,1.0,0,32
546-111,51,546-111PL1,50,1.0,1.0,1.0,0,32
546-111,51,546-111PL2,50,1.0,1.0,1.0,0,32
546-111,52,546-111PL1,51,1.0,1.0,1.0,0,32
546-111,52,546-111PL2,51,1.0,1.0,1.0,0,32
546-111,57,546-111PL1,52,1.0,1.0,1.0,0,32
546-111,57,546-111PL2,52,1.0,1.0,1.0,0,32
546-111,58,546-111PL1,57,1.0,1.0,1.0,0,32
546-111,58,546-111PL2,57,1.0,1.0,1.0,0,32
546-111,59,546-111PL1,58,1.0,1.0,1.0,0,32
546-111,59,546-111PL2,58,1.0,1.0,1.0,0,32
546-111,60,546-111PL1,59,1.0,1.0,1.0,0,32
546-111,60,546-111PL2,59,1.0,1.0,1.0,0,32
588-564,1,588-564PL1,,0.515625,0.8,,31,31
588-564,1,588-564PL2,,0.515625,1.0,,31,64
588-564,9,588-564PL1,1,0.890625,0.875,0.84375,7,28
588-564,9,588-564PL2,1,0.890625,0.7441860465116279,0.671875,7,43
588-564,10,588-564PL1,9,0.984375,0.875,1.0,1,28
588-564,10,588-564PL2,9,0.984375,0.8648648648648649,0.8604651162790697,1,37
588-564,13,588-564PL1,10,0.90625,0.84375,0.7741935483870968,1,27
588-564,13,588-564PL2,10,0.90625,0.9696969696969697,0.8918918918918919,1,33
588-564,14,588-564PL1,13,0.96875,0.90625,0.75,2,29
588-564,14,588-564PL2,13,0.96875,0.8648648648648649,0.8918918918918919,2,37
588-564,16,588-564PL1,14,0.96875,1.0,0.90625,2,32
588-564,16,588-564PL2,14,0.96875,0.9411764705882353,0.918918918918919,2,34
588-564,17,588-564PL1,16,0.984375,0.875,0.875,1,28
588-564,17,588-564PL2,16,0.984375,0.8648648648648649,0.918918918918919,1,37
588-564,20,588-564PL1,17,0.96875,1.0,0.875,2,32
588-564,20,588-564PL2,17,0.96875,0.9411764705882353,0.918918918918919,2,34
588-564,27,588-564PL1,20,0.984375,0.875,0.875,1,28
588-564,27,588-564PL2,20,0.984375,0.8648648648648649,0.918918918918919,1,37
588-564,29,588-564PL1,27,0.96875,0.875,1.0,2,28
588-564,29,588-564PL2,27,0.96875,0.8421052631578947,0.9736842105263158,2,38
588-564,31,588-564PL1,29,0.953125,1.0,0.875,3,32
588-564,31,588-564PL2,29,0.953125,0.9142857142857143,0.825,3,35
588-564,33,588-564PL1,31,0.984375,0.875,0.875,1,28
588-564,33,588-564PL2,31,0.984375,0.8648648648648649,0.8461538461538461,1,37
588-564,36,588-564PL1,33,1.0,0.875,1.0,0,28
588-564,36,588-564PL2,33,1.0,0.8888888888888888,0.972972972972973,0,36
588-564,37,588-564PL1,36,0.859375,0.875,1.0,0,28
588-564,37,588-564PL2,36,0.859375,0.84375,0.75,0,27
588-564,38,588-564PL1,37,1.0,0.875,1.0,0,28
588-564,38,588-564PL2,37,1.0,0.8888888888888888,0.75,0,36
588-564,39,588-564PL1,38,1.0,0.875,1.0,0,28
588-564,39,588-564PL2,38,1.0,0.8888888888888888,1.0,0,36
588-564,44,588-564PL1,39,0.984375,0.84375,0.9642857142857143,0,27
588-564,44,588-564PL2,39,0.984375,0.8888888888888888,1.0,0,36
588-564,46,588-564PL1,44,1.0,0.875,0.9642857142857143,0,28
588-564,46,588-564PL2,44,1.0,0.8888888888888888,1.0,0,36
588-564,48,588-564PL1,46,1.0,0.875,1.0,0,28
588-564,48,588-564PL2,46,1.0,0.8888888888888888,1.0,0,36
588-564,49,588-564PL1,48,1.0,0.875,1.0,0,28
588-564,49,588-564PL2,48,1.0,0.8888888888888888,1.0,0,36
588-564,50,588-564PL1,49,1.0,0.875,1.0,0,28
588-564,50,588-564PL2,49,1.0,0.8888888888888888,1.0,0,36
588-564,51,588-564PL1,50,1.0,0.875,1.0,0,28
588-564,51,588-564PL2,50,1.0,0.8888888888888888,1.0,0,36
588-564,53,588-564PL1,51,1.0,0.875,1.0,0,28
588-564,53,588-564PL2,51,1.0,0.8888888888888888,1.0,0,36
588-564,56,588-564PL1,53,0.9375,0.875,1.0,0,28
588-564,56,588-564PL2,53,0.9375,1.0,0.8888888888888888,0,32
588-564,57,588-564PL1,56,1.0,0.875,1.0,0,28
588-564,57,588-564PL2,56,1.0,0.8888888888888888,0.8888888888888888,0,36
588-564,58,588-564PL1,57,1.0,0.875,1.0,0,28
588-564,58,588-564PL2,57,1.0,0.8888888888888888,1.0,0,36
588-564,59,588-564PL1,58,0.984375,0.875,1.0,0,28
588-564,59,588-564PL2,58,0.984375,0.9142857142857143,0.9722222222222222,0,35
590-286,1,590-286PL1,,0.640625,1.0,,23,64
590-286,1,590-286PL2,,0.640625,0.359375,,23,23
590-286,4,590-286PL1,1,0.578125,0.984375,0.984375,27,63
590-286,4,590-286PL2,1,0.578125,0.4375,0.21428571428571427,27,28
590-286,5,590-286PL1,4,0.71875,1.0,0.984375,18,64
590-286,5,590-286PL2,4,0.71875,0.28125,0.1794871794871795,18,18
590-286,7,590-286PL1,5,0.71875,1.0,1.0,18,64
590-286,7,590-286PL2,5,0.71875,0.28125,0.058823529411764705,18,18
590-286,8,590-286PL1,7,0.671875,0.96875,0.96875,20,62
590-286,8,590-286PL2,7,0.671875,0.328125,0.21875,20,21
590-286,10,590-286PL1,8,0.671875,0.8125,0.8095238095238095,14,52
590-286,10,590-286PL2,8,0.671875,0.296875,0.17647058823529413,14,19
590-286,12,590-286PL1,10,0.65625,0.921875,0.734375,18,59
590-286,12,590-286PL2,10,0.65625,0.296875,0.15151515151515152,18,19
590-286,14,590-286PL1,12,0.421875,1.0,0.921875,37,64
590-286,14,590-286PL2,12,0.421875,0.578125,0.3023255813953488,37,37
590-286,15,590-286PL1,14,0.609375,0.765625,0.765625,14,49
590-286,15,590-286PL2,14,0.609375,0.2857142857142857,0.2222222222222222,14,18
590-286,17,590-286PL1,15,0.5625,0.828125,0.7,18,53
590-286,17,590-286PL2,15,0.5625,0.296875,0.23333333333333334,18,19
590-286,19,590-286PL1,17,0.5,0.53125,0.4262295081967213,12,34
590-286,19,590-286PL2,17,0.5,0.34375,0.10810810810810811,12,22
590-286,20,590-286PL1,19,0.65625,0.9375,0.5161290322580645,19,60
590-286,20,590-286PL2,19,0.65625,0.3125,0.16666666666666666,19,20
590-286,23,590-286PL1,20,0.515625,0.515625,0.47619047619047616,4,33
590-286,23,590-286PL2,20,0.515625,0.14285714285714285,0.07692307692307693,4,8
590-286,24,590-286PL1,23,0.6875,0.796875,0.423728813559322,12,51
590-286,24,590-286PL2,23,0.6875,0.265625,0.041666666666666664,12,17
590-286,26,590-286PL1,24,0.4375,0.484375,0.3225806451612903,11,31
590-286,26,590-286PL2,24,0.4375,0.30952380952380953,0.125,11,19
590-286,27,590-286PL1,26,0.515625,0.84375,0.49122807017543857,26,54
590-286,27,590-286PL2,26,0.515625,0.484375,0.25,26,31
590-286,29,590-286PL1,27,0.78125,0.96875,0.8125,12,62
590-286,29,590-286PL2,27,0.78125,0.1891891891891892,0.16216216216216217,12,12
590-286,31,590-286PL1,29,0.515625,0.703125,0.671875,16,45
590-286,31,590-286PL2,29,0.515625,0.3125,0.18518518518518517,16,20
590-286,33,590-286PL1,31,0.53125,0.65625,0.5,10,42
590-286,33,590-286PL2,31,0.53125,0.1891891891891892,0.14285714285714285,10,12
590-286,38,590-286PL1,33,0.578125,0.640625,0.48214285714285715,9,41
590-286,38,590-286PL2,33,0.578125,0.24324324324324326,0.18181818181818182,9,14
590-286,39,590-286PL1,38,0.640625,1.0,0.640625,23,64
590-286,39,590-286PL2,38,0.640625,0.359375,0.1935483870967742,23,23
590-286,40,590-286PL1,39,0.59375,0.8125,0.8125,15,52
590-286,40,590-286PL2,39,0.59375,0.25,0.14705882352941177,15,16
590-286,42,590-286PL1,40,0.703125,1.0,0.8125,19,64
590-286,42,590-286PL2,40,0.703125,0.296875,0.20689655172413793,19,19
590-286,45,590-286PL1,42,0.65625,0.6875,0.6875,8,44
590-286,45,590-286PL2,42,0.65625,0.24324324324324326,0.13793103448275862,8,14
590-286,47,590-286PL1,45,0.578125,0.546875,0.49056603773584906,5,35
590-286,47,590-286PL2,45,0.578125,0.1891891891891892,0.18181818181818182,5,12
590-286,48,590-286PL1,47,0.609375,0.921875,0.5409836065573771,21,59
590-286,48,590-286PL2,47,0.609375,0.3488372093023256,0.21428571428571427,21,22
590-286,50,590-286PL1,48,0.765625,0.859375,0.8095238095238095,9,55
590-286,50,590-286PL2,48,0.765625,0.1891891891891892,0.1724137931034483,9,12
590-286,52,590-286PL1,50,0.734375,1.0,0.859375,17,64
590-286,52,590-286PL2,50,0.734375,0.265625,0.03571428571428571,17,17
590-286,53,590-286PL1,52,0.8125,0.890625,0.890625,8,57
590-286,53,590-286PL2,52,0.8125,0.171875,0.12,8,11
590-286,54,590-286PL1,53,0.765625,0.984375,0.875,14,63
590-286,54,590-286PL2,53,0.765625,0.21875,0.13636363636363635,14,14
590-286,57,590-286PL1,54,0.78125,1.0,0.984375,14,64
590-286,57,590-286PL2,54,0.78125,0.24324324324324326,0.07692307692307693,14,14
590-286,58,590-286PL1,57,0.796875,1.0,1.0,13,64
590-286,58,590-286PL2,57,0.796875,0.21621621621621623,0.08,13,13
598-684,1,598-684PL1,,0.203125,0.25,,1,9
598-684,1,598-684PL2,,0.203125,0.16666666666666666,,1,6
598-684,3,598-684PL1,1,0.390625,0.3333333333333333,0.07407407407407407,3,20
598-684,3,598-684PL2,1,0.390625,0.19444444444444445,0.0625,3,11
598-684,10,598-684PL1,3,0.921875,1.0,0.3125,5,64
598-684,10,598-684PL2,3,0.921875,0.10810810810810811,0.0,5,5
598-684,12,598-684PL1,10,0.59375,0.625,0.625,6,40
598-684,12,598-684PL2,10,0.59375,0.16666666666666666,0.0,6,10
598-684,15,598-684PL1,12,0.59375,0.59375,0.41818181818181815,0,38
598-684,15,598-684PL2,12,0.59375,1.0,0.0,0,0
598-684,18,598-684PL1,15,0.421875,0.421875,0.32653061224489793,8,27
598-684,18,598-684PL2,15,0.421875,0.25,0.0,8,16
598-684,19,598-684PL1,18,0.5625,0.7804878048780488,0.3333333333333333,12,41
598-684,19,598-684PL2,18,0.5625,0.3076923076923077,0.2962962962962963,12,19
598-684,21,598-684PL1,19,0.65625,0.671875,0.6470588235294118,13,43
598-684,21,598-684PL2,19,0.65625,0.390625,0.2571428571428571,13,25
598-684,22,598-684PL1,21,0.40625,0.3055555555555556,0.2608695652173913,11,15
598-684,22,598-684PL2,21,0.40625,0.515625,0.28888888888888886,11,33
598-684,25,598-684PL1,22,0.546875,0.75,0.23529411764705882,22,48
598-684,25,598-684PL2,22,0.546875,0.484375,0.28,22,31
598-684,28,598-684PL1,25,0.328125,0.3902439024390244,0.2777777777777778,2,21
598-684,28,598-684PL2,25,0.328125,0.125,0.029411764705882353,2,4
598-684,30,598-684PL1,28,0.078125,0.12121212121212122,0.18181818181818182,0,5
598-684,30,598-684PL2,28,0.078125,1.0,0.0,0,0
598-684,34,598-684PL1,30,0.515625,0.765625,0.058823529411764705,22,49
598-684,34,598-684PL2,30,0.515625,0.4375,0.0,22,28
598-684,35,598-684PL1,34,0.484375,0.7142857142857143,0.5614035087719298,17,40
598-684,35,598-684PL2,34,0.484375,0.390625,0.39473684210526316,17,25
598-684,38,598-684PL1,35,0.484375,0.703125,0.6666666666666666,23,45
598-684,38,598-684PL2,35,0.484375,0.5,0.29545454545454547,23,32
598-684,39,598-684PL1,38,0.390625,0.78125,0.6379310344827587,32,50
598-684,39,598-684PL2,38,0.390625,0.609375,0.42,32,39
598-684,40,598-684PL1,39,0.4375,0.6875,0.5409836065573771,27,44
598-684,40,598-684PL2,39,0.4375,0.59375,0.54,27,38
598-684,45,598-684PL1,40,0.578125,0.796875,0.532258064516129,22,51
598-684,45,598-684PL2,40,0.578125,0.46875,0.25925925925925924,22,30
598-684,46,598-684PL1,45,0.453125,0.65625,0.603448275862069,25,42
598-684,46,598-684PL2,45,0.453125,0.578125,0.3958333333333333,25,37
598-684,48,598-684PL1,46,0.421875,0.765625,0.4918032786885246,29,49
598-684,48,598-684PL2,46,0.421875,0.5625,0.40384615384615385,29,36
598-684,50,598-684PL1,48,0.40625,0.890625,0.7377049180327869,36,57
598-684,50,598-684PL2,48,0.40625,0.640625,0.5098039215686274,36,41
598-684,53,598-684PL1,50,0.53125,0.6875,0.7413793103448276,18,44
598-684,53,598-684PL2,50,0.53125,0.40625,0.2641509433962264,18,26
598-684,54,598-684PL1,53,0.4375,0.71875,0.5789473684210527,22,46
598-684,54,598-684PL2,53,0.4375,0.40625,0.3,22,26
598-684,57,598-684PL1,54,0.421875,0.390625,0.3148148148148148,16,25
598-684,57,598-684PL2,54,0.421875,0.53125,0.3953488372093023,16,34
618-522,2,618-522PL1,,0.859375,0.21621621621621623,,9,9
618-522,2,618-522PL2,,0.859375,1.0,,9,64
618-522,4,618-522PL1,2,0.546875,0.390625,0.030303030303030304,14,25
618-522,4,618-522PL2,2,0.546875,0.59375,0.59375,14,38
618-522,9,618-522PL1,4,0.515625,0.6875,0.3018867924528302,22,44
618-522,9,618-522PL2,4,0.515625,0.515625,0.5106382978723404,22,33
618-522,12,618-522PL1,9,0.421875,0.5,0.4074074074074074,17,32
618-522,12,618-522PL2,9,0.421875,0.453125,0.34782608695652173,17,29
618-522,15,618-522PL1,12,0.5,0.75,0.40350877192982454,27,48
618-522,15,618-522PL2,12,0.5,0.59375,0.3137254901960784,27,38
618-522,16,618-522PL1,15,0.703125,0.625,0.4666666666666667,9,40
618-522,16,618-522PL2,15,0.703125,0.43902439024390244,0.2978723404255319,9,23
618-522,18,618-522PL1,16,0.5625,0.59375,0.4716981132075472,15,38
618-522,18,618-522PL2,16,0.5625,0.4375,0.3076923076923077,15,28
618-522,21,618-522PL1,18,0.59375,0.59375,0.49019607843137253,14,38
618-522,21,618-522PL2,18,0.59375,0.4634146341463415,0.2727272727272727,14,28
618-522,26,618-522PL1,21,0.390625,0.640625,0.5192307692307693,23,41
618-522,26,618-522PL2,21,0.390625,0.46875,0.28888888888888886,23,30
618-522,27,618-522PL1,26,0.609375,0.796875,0.559322033898305,17,51
618-522,27,618-522PL2,26,0.609375,0.34375,0.2682926829268293,17,22
618-522,28,618-522PL1,27,0.515625,0.609375,0.6071428571428571,13,39
618-522,28,618-522PL2,27,0.515625,0.3125,0.23529411764705882,13,20
618-522,29,618-522PL1,28,0.53125,0.546875,0.48,7,35
618-522,29,618-522PL2,28,0.53125,0.203125,0.06451612903225806,7,13
618-522,30,618-522PL1,29,0.4375,0.625,0.3888888888888889,14,40
618-522,30,618-522PL2,29,0.4375,0.25,0.03571428571428571,14,16
618-522,31,618-522PL1,30,0.515625,0.625,0.5094339622641509,12,40
618-522,31,618-522PL2,30,0.515625,0.2894736842105263,0.2692307692307692,12,17
618-522,32,618-522PL1,31,0.53125,0.59375,0.5,9,38
618-522,32,618-522PL2,31,0.53125,0.23529411764705882,0.14814814814814814,9,14
618-522,33,618-522PL1,32,0.5,0.453125,0.34,7,29
618-522,33,618-522PL2,32,0.5,0.2894736842105263,0.06896551724137931,7,17
618-522,34,618-522PL1,33,0.578125,0.5625,0.25,10,36
618-522,34,618-522PL2,33,0.578125,0.328125,0.15151515151515152,10,21
618-522,35,618-522PL1,34,0.5625,0.578125,0.35185185185185186,10,37
618-522,35,618-522PL2,34,0.5625,0.296875,0.14285714285714285,10,19
618-522,36,618-522PL1,35,0.421875,0.484375,0.3877551020408163,9,31
618-522,36,618-522PL2,35,0.421875,0.21875,0.06451612903225806,9,14
618-522,39,618-522PL1,36,0.390625,0.546875,0.40425531914893614,16,35
618-522,39,618-522PL2,36,0.390625,0.35,0.09090909090909091,16,22
618-522,42,618-522PL1,39,0.40625,0.390625,0.30434782608695654,7,25
618-522,42,618-522PL2,39,0.40625,0.24390243902439024,0.12121212121212122,7,15
618-522,44,618-522PL1,42,0.484375,0.515625,0.3488372093023256,9,33
618-522,44,618-522PL2,42,0.484375,0.25,0.10714285714285714,9,16
618-522,45,618-522PL1,44,0.484375,0.421875,0.2765957446808511,7,27
618-522,45,618-522PL2,44,0.484375,0.2857142857142857,0.21428571428571427,7,18
618-522,50,618-522PL1,45,0.4375,0.5,0.3409090909090909,11,32
618-522,50,618-522PL2,45,0.4375,0.28125,0.125,11,18
618-522,51,618-522PL1,50,0.515625,0.5714285714285714,0.43478260869565216,12,34
618-522,51,618-522PL2,50,0.515625,0.359375,0.17142857142857143,12,23
618-522,55,618-522PL1,51,0.359375,0.40625,0.2765957446808511,16,26
618-522,55,618-522PL2,51,0.359375,0.6052631578947368,0.20930232558139536,16,29
618-522,56,618-522PL1,55,0.484375,0.578125,0.26,12,37
618-522,56,618-522PL2,55,0.484375,0.28205128205128205,0.20512820512820512,12,18
618-522,59,618-522PL1,56,0.5,0.46153846153846156,0.29411764705882354,8,29
618-522,59,618-522PL2,56,0.5,0.296875,0.23333333333333334,8,19
618-522,60,618-522PL1,59,0.46875,0.46875,0.2826086956521739,10,30
618-522,60,618-522PL2,59,0.46875,0.3333333333333333,0.18181818181818182,10,20
636-625,1,636-625PL1,,0.984375,1.0,,1,64
636-625,1,636-625PL2,,0.984375,0.03125,,1,1
636-625,2,636-625PL1,1,0.34375,1.0,1.0,42,64
636-625,2,636-625PL2,1,0.34375,0.65625,0.023809523809523808,42,42
636-625,4,636-625PL1,2,0.515625,0.984375,0.984375,30,63
636-625,4,636-625PL2,2,0.515625,0.46875,0.3584905660377358,30,30
636-625,5,636-625PL1,4,0.515625,1.0,0.984375,31,64
636-625,5,636-625PL2,4,0.515625,0.484375,0.4523809523809524,31,31
636-625,8,636-625PL1,5,0.390625,0.921875,0.921875,37,59
636-625,8,636-625PL2,5,0.390625,0.625,0.39215686274509803,37,40
636-625,12,636-625PL1,8,0.546875,0.90625,0.828125,27,58
636-625,12,636-625PL2,8,0.546875,0.484375,0.2909090909090909,27,31
636-625,13,636-625PL1,12,0.5,1.0,0.90625,32,64
636-625,13,636-625PL2,12,0.5,0.5,0.3695652173913043,32,32
636-625,15,636-625PL1,13,0.40625,1.0,1.0,38,64
636-625,15,636-625PL2,13,0.40625,0.59375,0.2727272727272727,38,38
636-625,16,636-625PL1,15,0.46875,0.984375,0.984375,33,63
636-625,16,636-625PL2,15,0.46875,0.515625,0.39215686274509803,33,33
636-625,19,636-625PL1,16,0.546875,1.0,0.984375,29,64
636-625,19,636-625PL2,16,0.546875,0.453125,0.3191489361702128,29,29
636-625,20,636-625PL1,19,0.59375,0.796875,0.796875,19,51
636-625,20,636-625PL2,19,0.59375,0.390625,0.35,19,25
636-625,23,636-625PL1,20,0.453125,0.953125,0.8064516129032258,34,61
636-625,23,636-625PL2,20,0.453125,0.5625,0.38636363636363635,34,36
636-625,24,636-625PL1,23,0.53125,0.984375,0.9682539682539683,30,63
636-625,24,636-625PL2,23,0.53125,0.484375,0.3137254901960784,30,31
636-625,25,636-625PL1,24,0.546875,0.984375,0.96875,28,63
636-625,25,636-625PL2,24,0.546875,0.4375,0.3111111111111111,28,28
636-625,26,636-625PL1,25,0.515625,0.984375,0.96875,30,63
636-625,26,636-625PL2,25,0.515625,0.46875,0.4146341463414634,30,30
636-625,31,636-625PL1,26,0.515625,0.984375,0.96875,30,63
636-625,31,636-625PL2,26,0.515625,0.46875,0.36363636363636365,30,30
636-625,34,636-625PL1,31,0.484375,0.796875,0.78125,25,51
636-625,34,636-625PL2,31,0.484375,0.46875,0.36363636363636365,25,30
636-625,35,636-625PL1,34,0.5,1.0,0.796875,32,64
636-625,35,636-625PL2,34,0.5,0.5,0.37777777777777777,32,32
636-625,36,636-625PL1,35,0.421875,0.890625,0.890625,31,57
636-625,36,636-625PL2,35,0.421875,0.5,0.3333333333333333,31,32
636-625,37,636-625PL1,36,0.4375,0.875,0.8524590163934426,31,56
636-625,37,636-625PL2,36,0.4375,0.53125,0.32,31,34
636-625,39,636-625PL1,37,0.40625,0.828125,0.7301587301587301,33,53
636-625,39,636-625PL2,37,0.40625,0.609375,0.46,33,39
636-625,41,636-625PL1,39,0.53125,0.96875,0.796875,29,62
636-625,41,636-625PL2,39,0.53125,0.46875,0.38,29,30
636-625,42,636-625PL1,41,0.53125,1.0,0.96875,30,64
636-625,42,636-625PL2,41,0.53125,0.46875,0.3333333333333333,30,30
636-625,43,636-625PL1,42,0.390625,0.71875,0.71875,26,46
636-625,43,636-625PL2,42,0.390625,0.484375,0.35555555555555557,26,31
636-625,45,636-625PL1,43,0.546875,0.875,0.7,25,56
636-625,45,636-625PL2,43,0.546875,0.453125,0.30434782608695654,25,29
636-625,46,636-625PL1,45,0.53125,0.84375,0.7741935483870968,27,54
636-625,46,636-625PL2,45,0.53125,0.53125,0.3404255319148936,27,34
636-625,47,636-625PL1,46,0.53125,0.8125,0.65625,25,52
636-625,47,636-625PL2,46,0.53125,0.5,0.40425531914893614,25,32
636-625,49,636-625PL1,47,0.484375,0.828125,0.8103448275862069,27,53
636-625,49,636-625PL2,47,0.484375,0.5,0.3617021276595745,27,32
636-625,51,636-625PL1,49,0.546875,1.0,0.828125,29,64
636-625,51,636-625PL2,49,0.546875,0.453125,0.2708333333333333,29,29
636-625,52,636-625PL1,51,0.5625,1.0,1.0,28,64
636-625,52,636-625PL2,51,0.5625,0.4375,0.26666666666666666,28,28
636-625,54,636-625PL1,52,0.578125,0.90625,0.90625,26,58
636-625,54,636-625PL2,52,0.578125,0.484375,0.2553191489361702,26,31
636-625,55,636-625PL1,54,0.53125,0.828125,0.819672131147541,25,53
636-625,55,636-625PL2,54,0.53125,0.484375,0.34782608695652173,25,31
636-625,58,636-625PL1,55,0.546875,0.890625,0.746031746031746,25,57
636-625,58,636-625PL2,55,0.546875,0.4375,0.3111111111111111,25,28
637-838,2,637-838PL1,,0.59375,0.890625,,22,57
637-838,2,637-838PL2,,0.59375,0.390625,,22,25
637-838,3,637-838PL1,2,0.59375,0.984375,0.875,25,63
637-838,3,637-838PL2,2,0.59375,0.4722222222222222,0.3888888888888889,25,25
637-838,5,637-838PL1,3,0.609375,0.96875,0.953125,23,62
637-838,5,637-838PL2,3,0.609375,0.359375,0.23076923076923078,23,23
637-838,6,637-838PL1,5,0.484375,0.984375,0.953125,32,63
637-838,6,637-838PL2,5,0.484375,0.5,0.27906976744186046,32,32
637-838,7,637-838PL1,6,0.71875,0.5681818181818182,0.5,14,33
637-838,7,637-838PL2,6,0.71875,0.640625,0.43137254901960786,14,41
637-838,8,637-838PL1,7,0.671875,0.828125,0.43333333333333335,21,53
637-838,8,637-838PL2,7,0.671875,0.6842105263157895,0.43137254901960786,21,32
637-838,11,637-838PL1,8,0.828125,0.8205128205128205,0.4375,11,39
637-838,11,637-838PL2,8,0.828125,0.8888888888888888,0.15254237288135594,11,36
637-838,13,637-838PL1,11,0.859375,0.8157894736842105,0.7272727272727273,8,37
637-838,13,637-838PL2,11,0.859375,0.9411764705882353,0.8421052631578947,8,34
637-838,14,637-838PL1,13,0.96875,0.9411764705882353,0.868421052631579,2,34
637-838,14,637-838PL2,13,0.96875,1.0,0.9411764705882353,2,32
637-838,16,637-838PL1,14,0.96875,0.9696969696969697,0.9142857142857143,2,33
637-838,16,637-838PL2,14,0.96875,0.9696969696969697,0.9696969696969697,2,33
637-838,21,637-838PL1,16,0.984375,1.0,0.9696969696969697,1,32
637-838,21,637-838PL2,16,0.984375,0.9696969696969697,0.9411764705882353,1,33
637-838,23,637-838PL1,21,1.0,1.0,1.0,0,32
637-838,23,637-838PL2,21,1.0,1.0,0.9696969696969697,0,32
637-838,24,637-838PL1,23,1.0,1.0,1.0,0,32
637-838,24,637-838PL2,23,1.0,1.0,1.0,0,32
637-838,26,637-838PL1,24,1.0,1.0,1.0,0,32
637-838,26,637-838PL2,24,1.0,1.0,1.0,0,32
637-838,27,637-838PL1,26,1.0,1.0,1.0,0,32
637-838,27,637-838PL2,26,1.0,1.0,1.0,0,32
637-838,28,637-838PL1,27,0.9375,0.90625,0.90625,1,29
637-838,28,637-838PL2,27,0.9375,0.9696969696969697,0.9696969696969697,1,33
637-838,29,637-838PL1,28,1.0,1.0,0.90625,0,32
637-838,29,637-838PL2,28,1.0,1.0,0.9696969696969697,0,32
637-838,31,637-838PL1,29,1.0,1.0,1.0,0,32
637-838,31,637-838PL2,29,1.0,1.0,1.0,0,32
637-838,33,637-838PL1,31,1.0,1.0,1.0,0,32
637-838,33,637-838PL2,31,1.0,1.0,1.0,0,32
637-838,34,637-838PL1,33,1.0,1.0,1.0,0,32
637-838,34,637-838PL2,33,1.0,1.0,1.0,0,32
637-838,35,637-838PL1,34,1.0,1.0,1.0,0,32
637-838,35,637-838PL2,34,1.0,1.0,1.0,0,32
637-838,36,637-838PL1,35,1.0,1.0,1.0,0,32
637-838,36,637-838PL2,35,1.0,1.0,1.0,0,32
637-838,39,637-838PL1,36,0.953125,0.90625,0.90625,0,29
637-838,39,637-838PL2,36,0.953125,1.0,1.0,0,32
637-838,40,637-838PL1,39,1.0,1.0,0.90625,0,32
637-838,40,637-838PL2,39,1.0,1.0,1.0,0,32
637-838,42,637-838PL1,40,1.0,1.0,1.0,0,32
637-838,42,637-838PL2,40,1.0,1.0,1.0,0,32
637-838,45,637-838PL1,42,1.0,1.0,1.0,0,32
637-838,45,637-838PL2,42,1.0,1.0,1.0,0,32
637-838,46,637-838PL1,45,1.0,1.0,1.0,0,32
637-838,46,637-838PL2,45,1.0,1.0,1.0,0,32
637-838,47,637-838PL1,46,1.0,1.0,1.0,0,32
637-838,47,637-838PL2,46,1.0,1.0,1.0,0,32
637-838,52,637-838PL1,47,1.0,1.0,1.0,0,32
637-838,52,637-838PL2,47,1.0,1.0,1.0,0,32
637-838,53,637-838PL1,52,1.0,1.0,1.0,0,32
637-838,53,637-838PL2,52,1.0,1.0,1.0,0,32
637-838,54,637-838PL1,53,1.0,1.0,1.0,0,32
637-838,54,637-838PL2,53,1.0,1.0,1.0,0,32
637-838,57,637-838PL1,54,1.0,1.0,1.0,0,32
637-838,57,637-838PL2,54,1.0,1.0,1.0,0,32
637-838,60,637-838PL1,57,1.0,1.0,1.0,0,32
637-838,60,637-838PL2,57,1.0,1.0,1.0,0,32
648-175,2,648-175PL1,,0.296875,0.6875,,34,44
648-175,2,648-175PL2,,0.296875,0.671875,,34,43
648-175,3,648-175PL1,2,0.625,0.65625,0.7551020408163265,11,42
648-175,3,648-175PL2,2,0.625,0.3333333333333333,0.26,11,20
648-175,4,648-175PL1,3,0.703125,0.84375,0.6842105263157895,19,54
648-175,4,648-175PL2,3,0.703125,0.7272727272727273,0.3611111111111111,19,29
648-175,5,648-175PL1,4,0.796875,0.782608695652174,0.7543859649122807,13,46
648-175,5,648-175PL2,4,0.796875,0.6857142857142857,0.5384615384615384,13,31
648-175,6,648-175PL1,5,0.796875,0.8780487804878049,0.8913043478260869,13,41
648-175,6,648-175PL2,5,0.796875,0.6410256410256411,0.6341463414634146,13,36
648-175,7,648-175PL1,6,0.90625,0.9,0.975609756097561,6,40
648-175,7,648-175PL2,6,0.90625,0.8125,0.5714285714285714,6,30
648-175,8,648-175PL1,7,0.90625,0.85,0.95,6,38
648-175,8,648-175PL2,7,0.90625,0.6666666666666666,0.631578947368421,6,32
648-175,11,648-175PL1,8,0.96875,0.8571428571428571,0.9047619047619048,2,42
648-175,11,648-175PL2,8,0.96875,0.8571428571428571,0.75,2,24
648-175,12,648-175PL1,11,1.0,0.9,0.9523809523809523,0,40
648-175,12,648-175PL2,11,1.0,0.8571428571428571,1.0,0,24
648-175,15,648-175PL1,12,0.984375,0.9,1.0,1,40
648-175,15,648-175PL2,12,0.984375,0.8275862068965517,0.96,1,25
648-175,16,648-175PL1,15,0.9375,0.9,1.0,4,40
648-175,16,648-175PL2,15,0.9375,1.0,0.8275862068965517,4,28
648-175,18,648-175PL1,16,0.984375,0.9,1.0,1,40
648-175,18,648-175PL2,16,0.984375,0.8928571428571429,0.8928571428571429,1,25
648-175,19,648-175PL1,18,1.0,0.9,1.0,0,40
648-175,19,648-175PL2,18,1.0,0.8571428571428571,0.96,0,24
648-175,22,648-175PL1,19,1.0,0.9,1.0,0,40
648-175,22,648-175PL2,19,1.0,0.8571428571428571,1.0,0,24
648-175,24,648-175PL1,22,0.828125,0.7441860465116279,0.5660377358490566,11,43
648-175,24,648-175PL2,22,0.828125,1.0,0.2727272727272727,11,32
648-175,26,648-175PL1,24,1.0,1.0,0.7441860465116279,0,32
648-175,26,648-175PL2,24,1.0,1.0,1.0,0,32
648-175,27,648-175PL1,26,1.0,1.0,1.0,0,32
648-175,27,648-175PL2,26,1.0,1.0,1.0,0,32
648-175,29,648-175PL1,27,1.0,1.0,1.0,0,32
648-175,29,648-175PL2,27,1.0,1.0,1.0,0,32
648-175,30,648-175PL1,29,1.0,1.0,1.0,0,32
648-175,30,648-175PL2,29,1.0,1.0,1.0,0,32
648-175,31,648-175PL1,30,1.0,1.0,1.0,0,32
648-175,31,648-175PL2,30,1.0,1.0,1.0,0,32
648-175,32,648-175PL1,31,1.0,1.0,1.0,0,32
648-175,32,648-175PL2,31,1.0,1.0,1.0,0,32
648-175,34,648-175PL1,32,1.0,1.0,1.0,0,32
648-175,34,648-175PL2,32,1.0,1.0,1.0,0,32
648-175,36,648-175PL1,34,1.0,1.0,1.0,0,32
648-175,36,648-175PL2,34,1.0,1.0,1.0,0,32
648-175,37,648-175PL1,36,1.0,1.0,1.0,0,32
648-175,37,648-175PL2,36,1.0,1.0,1.0,0,32
648-175,39,648-175PL1,37,1.0,1.0,1.0,0,32
648-175,39,648-175PL2,37,1.0,1.0,1.0,0,32
648-175,45,648-175PL1,39,1.0,1.0,1.0,0,32
648-175,45,648-175PL2,39,1.0,1.0,1.0,0,32
648-175,47,648-175PL1,45,1.0,1.0,1.0,0,32
648-175,47,648-175PL2,45,1.0,1.0,1.0,0,32
648-175,48,648-175PL1,47,1.0,1.0,1.0,0,32
648-175,48,648-175PL2,47,1.0,1.0,1.0,0,32
648-175,52,648-175PL1,48,1.0,1.0,1.0,0,32
648-175,52,648-175PL2,48,1.0,1.0,1.0,0,32
648-175,53,648-175PL1,52,1.0,1.0,1.0,0,32
648-175,53,648-175PL2,52,1.0,1.0,1.0,0,32
648-175,54,648-175PL1,53,1.0,1.0,1.0,0,32
648-175,54,648-175PL2,53,1.0,1.0,1.0,0,32
648-175,57,648-175PL1,54,1.0,1.0,1.0,0,32
648-175,57,648-175PL2,54,1.0,1.0,1.0,0,32
648-175,58,648-175PL1,57,1.0,1.0,1.0,0,32
648-175,58,648-175PL2,57,1.0,1.0,1.0,0,32
648-175,59,648-175PL1,58,1.0,1.0,1.0,0,32
648-175,59,648-175PL2,58,1.0,1.0,1.0,0,32
648-175,60,648-175PL1,59,1.0,1.0,1.0,0,32
648-175,60,648-175PL2,59,1.0,1.0,1.0,0,32
656-979,1,656-979PL1,,0.71875,1.0,,18,64
656-979,1,656-979PL2,,0.71875,0.35135135135135137,,18,18
656-979,2,656-979PL1,1,0.328125,1.0,1.0,43,64
656-979,2,656-979PL2,1,0.328125,0.671875,0.19607843137254902,43,43
656-979,4,656-979PL1,2,0.5625,0.5,0.4375,28,28
656-979,4,656-979PL2,2,0.5625,1.0,0.671875,28,64
656-979,6,656-979PL1,4,0.328125,0.671875,0.4489795918367347,43,43
656-979,6,656-979PL2,4,0.328125,1.0,1.0,43,64
656-979,9,656-979PL1,6,0.296875,0.703125,0.4426229508196721,45,45
656-979,9,656-979PL2,6,0.296875,1.0,1.0,45,64
656-979,10,656-979PL1,9,0.65625,0.7567567567567568,0.5918367346938775,22,33
656-979,10,656-979PL2,9,0.65625,0.828125,0.828125,22,53
656-979,12,656-979PL1,10,0.53125,0.59375,0.6136363636363636,30,38
656-979,12,656-979PL2,10,0.53125,0.875,0.8793103448275862,30,56
656-979,14,656-979PL1,12,0.359375,0.84375,0.5862068965517241,41,54
656-979,14,656-979PL2,12,0.359375,0.796875,0.8135593220338984,41,51
656-979,16,656-979PL1,14,0.84375,0.9142857142857143,0.48333333333333334,10,35
656-979,16,656-979PL2,14,0.84375,0.8205128205128205,0.5254237288135594,10,39
656-979,17,656-979PL1,16,0.46875,0.703125,0.6326530612244898,34,45
656-979,17,656-979PL2,16,0.46875,0.828125,0.6428571428571429,34,53
656-979,18,656-979PL1,17,0.5,0.5476190476190477,0.5,32,33
656-979,18,656-979PL2,17,0.5,0.984375,0.8412698412698413,32,63
656-979,20,656-979PL1,18,0.59375,0.7560975609756098,0.46,26,40
656-979,20,656-979PL2,18,0.59375,0.78125,0.7936507936507936,26,50
656-979,24,656-979PL1,20,0.734375,0.8421052631578947,0.6956521739130435,17,38
656-979,24,656-979PL2,20,0.734375,0.7441860465116279,0.86,17,43
656-979,26,656-979PL1,24,0.53125,0.515625,0.33962264150943394,25,33
656-979,26,656-979PL2,24,0.53125,0.796875,0.46875,25,51
656-979,28,656-979PL1,26,0.84375,0.9142857142857143,0.3333333333333333,10,35
656-979,28,656-979PL2,26,0.84375,0.8205128205128205,0.45161290322580644,10,39
656-979,31,656-979PL1,28,0.875,0.8888888888888888,0.918918918918919,8,36
656-979,31,656-979PL2,28,0.875,0.8888888888888888,0.875,8,36
656-979,32,656-979PL1,31,0.90625,0.9411764705882353,0.8421052631578947,6,34
656-979,32,656-979PL2,31,0.90625,0.8888888888888888,0.9459459459459459,6,36
656-979,33,656-979PL1,32,0.9375,0.8421052631578947,0.8,4,38
656-979,33,656-979PL2,32,0.9375,0.9375,0.8333333333333334,4,30
656-979,36,656-979PL1,33,0.953125,0.9142857142857143,0.9210526315789473,3,35
656-979,36,656-979PL2,33,0.953125,1.0,0.9375,3,32
656-979,38,656-979PL1,36,0.96875,0.9411764705882353,0.9714285714285714,2,34
656-979,38,656-979PL2,36,0.96875,1.0,1.0,2,32
656-979,43,656-979PL1,38,0.953125,0.9142857142857143,0.9714285714285714,3,35
656-979,43,656-979PL2,38,0.953125,1.0,1.0,3,32
656-979,44,656-979PL1,43,0.953125,0.9142857142857143,1.0,3,35
656-979,44,656-979PL2,43,0.953125,1.0,1.0,3,32
656-979,45,656-979PL1,44,0.953125,0.8888888888888888,0.9722222222222222,3,36
656-979,45,656-979PL2,44,0.953125,0.96875,0.96875,3,31
656-979,46,656-979PL1,45,0.953125,0.9411764705882353,0.8421052631578947,2,34
656-979,46,656-979PL2,45,0.953125,0.96875,0.9375,2,31
656-979,49,656-979PL1,46,0.96875,0.8888888888888888,0.8421052631578947,2,36
656-979,49,656-979PL2,46,0.96875,0.9375,0.967741935483871,2,30
656-979,50,656-979PL1,49,0.9375,0.9411764705882353,0.9444444444444444,2,34
656-979,50,656-979PL2,49,0.9375,0.9375,0.875,2,30
656-979,56,656-979PL1,50,0.921875,0.9411764705882353,1.0,2,34
656-979,56,656-979PL2,50,0.921875,0.90625,0.9666666666666667,2,29
687-660,6,687-660PL1,,0.34375,0.38461538461538464,,0,22
687-660,6,687-660PL2,,0.34375,1.0,,0,0
687-660,10,687-660PL1,6,0.6875,0.734375,0.2777777777777778,12,47
687-660,10,687-660PL2,6,0.6875,0.65625,0.0,12,21
687-660,12,687-660PL1,10,0.03125,1.0,0.734375,62,64
687-660,12,687-660PL2,10,0.03125,0.96875,0.3387096774193548,62,62
687-660,18,687-660PL1,12,0.140625,0.859375,0.859375,55,55
687-660,18,687-660PL2,12,0.140625,1.0,0.96875,55,64
687-660,19,687-660PL1,18,0.65625,0.375,0.3620689655172414,11,24
687-660,19,687-660PL2,18,0.65625,0.8,0.625,11,40
687-660,21,687-660PL1,19,0.421875,0.7692307692307693,0.35555555555555557,37,37
687-660,21,687-660PL2,19,0.421875,1.0,0.625,37,64
687-660,23,687-660PL1,21,0.515625,0.65625,0.49056603773584906,28,42
687-660,23,687-660PL2,21,0.515625,0.734375,0.734375,28,47
687-660,24,687-660PL1,23,0.46875,0.375,0.25,3,23
687-660,24,687-660PL2,23,0.46875,0.40625,0.09090909090909091,3,13
687-660,26,687-660PL1,24,0.109375,0.12121212121212122,0.12,0,5
687-660,26,687-660PL2,24,0.109375,0.07142857142857142,0.15384615384615385,0,2
687-660,27,687-660PL1,26,0.421875,0.48717948717948717,0.06060606060606061,10,30
687-660,27,687-660PL2,26,0.421875,0.265625,0.0,10,17
687-660,29,687-660PL1,27,0.40625,0.2894736842105263,0.23684210526315788,4,17
687-660,29,687-660PL2,27,0.40625,0.32432432432432434,0.5454545454545454,4,17
687-660,34,687-660PL1,29,0.375,0.5121951219512195,0.23684210526315788,13,30
687-660,34,687-660PL2,29,0.375,0.3333333333333333,0.05714285714285714,13,20
687-660,35,687-660PL1,34,0.125,0.16216216216216217,0.15625,0,7
687-660,35,687-660PL2,34,0.125,0.03571428571428571,0.05,0,1
687-660,41,687-660PL1,35,0.390625,0.3888888888888889,0.13636363636363635,3,18
687-660,41,687-660PL2,35,0.390625,0.40625,0.0,3,13
687-660,43,687-660PL1,41,0.125,0.2222222222222222,0.04,0,8
687-660,43,687-660PL2,41,0.125,1.0,0.0,0,0
687-660,44,687-660PL1,43,0.265625,0.18181818181818182,0.0,1,7
687-660,44,687-660PL2,43,0.265625,0.375,0.0,1,12
687-660,45,687-660PL1,44,0.515625,0.53125,0.07894736842105263,19,34
687-660,45,687-660PL2,44,0.515625,0.578125,0.16666666666666666,19,37
687-660,47,687-660PL1,45,0.59375,0.609375,0.37735849056603776,3,39
687-660,47,687-660PL2,45,0.59375,0.15625,0.13513513513513514,3,5
687-660,48,687-660PL1,47,0.234375,0.203125,0.18181818181818182,1,13
687-660,48,687-660PL2,47,0.234375,0.125,0.0,1,4
687-660,49,687-660PL1,48,0.59375,0.578125,0.21951219512195122,14,37
687-660,49,687-660PL2,48,0.59375,0.5476190476190477,0.13793103448275862,14,29
687-660,52,687-660PL1,49,0.609375,0.625,0.42592592592592593,5,40
687-660,52,687-660PL2,49,0.609375,0.18421052631578946,0.1875,5,9
687-660,53,687-660PL1,52,0.4375,0.4,0.30612244897959184,6,24
687-660,53,687-660PL2,52,0.4375,0.41935483870967744,0.08695652173913043,6,16
687-660,54,687-660PL1,53,0.171875,0.18421052631578946,0.06451612903225806,1,9
687-660,54,687-660PL2,53,0.171875,0.1111111111111111,0.0,1,4
687-660,56,687-660PL1,54,0.59375,0.640625,0.19047619047619047,11,41
687-660,56,687-660PL2,54,0.59375,0.59375,0.09523809523809523,11,19
687-660,57,687-660PL1,56,0.453125,0.4634146341463415,0.38,2,28
687-660,57,687-660PL2,56,0.453125,0.12121212121212122,0.09090909090909091,2,5
687-660,58,687-660PL1,57,0.453125,0.3488372093023256,0.19047619047619047,5,22
687-660,58,687-660PL2,57,0.453125,0.5,0.047619047619047616,5,17
687-660,59,687-660PL1,58,0.0625,0.08108108108108109,0.13043478260869565,0,4
687-660,59,687-660PL2,58,0.0625,1.0,0.0,0,0
687-660,60,687-660PL1,59,0.25,0.20588235294117646,0.0,1,9
687-660,60,687-660PL2,59,0.25,0.24242424242424243,0.0,1,9
711-459,1,711-459PL1,,0.0,1.0,,64,64
711-459,1,711-459PL2,,0.0,1.0,,64,64
711-459,2,711-459PL1,1,0.4375,0.3125,0.3125,1,20
711-459,2,711-459PL2,1,0.4375,0.3125,0.15625,1,10
711-459,4,711-459PL1,2,0.53125,0.40625,0.2777777777777778,10,26
711-459,4,711-459PL2,2,0.53125,1.0,0.3103448275862069,10,28
711-459,5,711-459PL1,4,0.375,0.4,0.21052631578947367,2,20
711-459,5,711-459PL2,4,0.375,0.25,0.058823529411764705,2,8
711-459,7,711-459PL1,5,0.265625,0.06896551724137931,0.045454545454545456,1,3
711-459,7,711-459PL2,5,0.265625,0.5,0.09090909090909091,1,16
711-459,9,711-459PL1,7,0.234375,0.11764705882352941,0.5,3,6
711-459,9,711-459PL2,7,0.234375,0.5357142857142857,0.4090909090909091,3,15
711-459,10,711-459PL1,9,0.28125,0.13157894736842105,0.625,2,7
711-459,10,711-459PL2,9,0.28125,0.5357142857142857,0.07142857142857142,2,15
711-459,12,711-459PL1,10,0.796875,0.21621621621621623,0.3333333333333333,13,13
711-459,12,711-459PL2,10,0.796875,1.0,0.234375,13,64
711-459,13,711-459PL1,12,0.421875,0.175,0.5,4,11
711-459,13,711-459PL2,12,0.421875,0.75,0.375,4,24
711-459,18,711-459PL1,13,0.515625,0.18181818181818182,0.15789473684210525,2,11
711-459,18,711-459PL2,13,0.515625,0.40625,0.21951219512195122,2,26
711-459,22,711-459PL1,18,0.53125,0.11428571428571428,0.2857142857142857,3,7
711-459,22,711-459PL2,18,0.53125,0.5333333333333333,0.3409090909090909,3,33
711-459,25,711-459PL1,22,0.515625,0.16666666666666666,0.4166666666666667,6,10
711-459,25,711-459PL2,22,0.515625,0.546875,0.36,6,35
711-459,28,711-459PL1,25,0.546875,0.2222222222222222,0.2222222222222222,6,12
711-459,28,711-459PL2,25,0.546875,0.546875,0.32075471698113206,6,35
711-459,32,711-459PL1,28,0.625,0.1875,0.3333333333333333,6,12
711-459,32,711-459PL2,28,0.625,0.625,0.4423076923076923,6,40
711-459,36,711-459PL1,32,0.546875,0.3157894736842105,0.18181818181818182,5,14
711-459,36,711-459PL2,32,0.546875,0.484375,0.3148148148148148,5,31
711-459,37,711-459PL1,36,0.5,0.23684210526315788,0.2608695652173913,7,15
711-459,37,711-459PL2,36,0.5,0.484375,0.37777777777777777,7,31
711-459,41,711-459PL1,37,0.578125,0.23076923076923078,0.17391304347826086,3,12
711-459,41,711-459PL2,37,0.578125,0.484375,0.2916666666666667,3,31
711-459,42,711-459PL1,41,0.421875,0.2222222222222222,0.3333333333333333,8,12
711-459,42,711-459PL2,41,0.421875,0.484375,0.24,8,31
711-459,43,711-459PL1,42,0.484375,0.1794871794871795,0.15789473684210525,5,10
711-459,43,711-459PL2,42,0.484375,0.5227272727272727,0.3191489361702128,5,31
711-459,44,711-459PL1,43,0.453125,0.225,0.21052631578947367,5,13
711-459,44,711-459PL2,43,0.453125,0.40625,0.29545454545454547,5,26
711-459,46,711-459PL1,44,0.390625,0.24324324324324326,0.4375,6,10
711-459,46,711-459PL2,44,0.390625,0.5365853658536586,0.20454545454545456,6,27
711-459,47,711-459PL1,46,0.453125,0.2,0.2222222222222222,4,12
711-459,47,711-459PL2,46,0.453125,0.390625,0.3333333333333333,4,25
711-459,49,711-459PL1,47,0.5625,0.3611111111111111,0.11538461538461539,8,17
711-459,49,711-459PL2,47,0.5625,0.546875,0.3333333333333333,8,35
711-459,51,711-459PL1,49,0.53125,0.5,0.1951219512195122,11,32
711-459,51,711-459PL2,49,0.53125,0.375,0.37209302325581395,11,24
711-459,52,711-459PL1,51,0.46875,0.4186046511627907,0.32558139534883723,13,25
711-459,52,711-459PL2,51,0.46875,0.484375,0.30952380952380953,13,31
711-459,54,711-459PL1,52,0.421875,0.34375,0.42424242424242425,10,22
711-459,54,711-459PL2,52,0.421875,0.4186046511627907,0.3023255813953488,10,25
711-459,56,711-459PL1,54,0.453125,0.38095238095238093,0.2571428571428571,12,22
711-459,56,711-459PL2,54,0.453125,0.5227272727272727,0.3333333333333333,12,31
711-459,58,711-459PL1,56,0.609375,0.35,0.17647058823529413,6,18
711-459,58,711-459PL2,56,0.609375,0.515625,0.3617021276595745,6,33
711-459,59,711-459PL1,58,0.3125,0.4878048780487805,0.22857142857142856,14,25
711-459,59,711-459PL2,58,0.3125,0.40476190476190477,0.24444444444444444,14,23
711-459,60,711-459PL1,59,0.5,0.4090909090909091,0.34210526315789475,13,26
711-459,60,711-459PL2,59,0.5,0.5,0.2222222222222222,13,32
768-541,2,768-541PL1,,0.890625,1.0,,7,64
768-541,2,768-541PL2,,0.890625,0.25,,7,7
768-541,4,768-541PL1,2,0.609375,0.65625,0.65625,7,42
768-541,4,768-541PL2,2,0.609375,0.21875,0.058823529411764705,7,11
768-541,8,768-541PL1,4,0.640625,0.765625,0.5964912280701754,10,49
768-541,8,768-541PL2,4,0.640625,0.1875,0.2777777777777778,10,12
768-541,13,768-541PL1,8,0.40625,0.3333333333333333,0.3,4,16
768-541,13,768-541PL2,8,0.40625,0.28205128205128205,0.1111111111111111,4,18
768-541,15,768-541PL1,13,0.46875,1.0,0.25,34,64
768-541,15,768-541PL2,13,0.46875,0.5714285714285714,0.20930232558139536,34,34
768-541,17,768-541PL1,15,0.515625,0.6875,0.6875,16,44
768-541,17,768-541PL2,15,0.515625,0.328125,0.25,16,21
768-541,20,768-541PL1,17,0.6875,0.71875,0.5789473684210527,16,46
768-541,20,768-541PL2,17,0.6875,0.9375,0.3076923076923077,16,30
768-541,21,768-541PL1,20,0.703125,0.625,0.5636363636363636,10,40
768-541,21,768-541PL2,20,0.703125,0.78125,0.7741935483870968,10,25
768-541,23,768-541PL1,21,0.71875,0.6136363636363636,0.5490196078431373,11,39
768-541,23,768-541PL2,21,0.71875,0.90625,0.8620689655172413,11,29
768-541,28,768-541PL1,23,0.375,1.0,0.0,0,0
768-541,28,768-541PL2,23,0.375,0.75,0.8275862068965517,0,24
768-541,29,768-541PL1,28,0.625,0.5652173913043478,0.0,11,36
768-541,29,768-541PL2,28,0.625,0.8125,0.9230769230769231,11,26
768-541,30,768-541PL1,29,0.625,0.25,0.1282051282051282,5,8
768-541,30,768-541PL2,29,0.625,0.7619047619047619,0.6190476190476191,5,42
768-541,31,768-541PL1,30,0.671875,0.525,0.17857142857142858,5,25
768-541,31,768-541PL2,30,0.671875,0.875,0.6666666666666666,5,28
768-541,32,768-541PL1,31,0.9375,0.9142857142857143,0.5384615384615384,2,35
768-541,32,768-541PL2,31,0.9375,0.90625,0.9655172413793104,2,29
768-541,33,768-541PL1,32,0.9375,0.9411764705882353,0.9166666666666666,4,34
768-541,33,768-541PL2,32,0.9375,0.9411764705882353,0.8529411764705882,4,34
768-541,35,768-541PL1,33,0.953125,0.9411764705882353,0.8888888888888888,3,34
768-541,35,768-541PL2,33,0.953125,0.9696969696969697,0.9705882352941176,3,33
768-541,36,768-541PL1,35,0.96875,0.9696969696969697,0.9705882352941176,1,33
768-541,36,768-541PL2,35,0.96875,0.96875,0.9393939393939394,1,31
768-541,40,768-541PL1,36,0.953125,0.9696969696969697,1.0,3,33
768-541,40,768-541PL2,36,0.953125,0.9411764705882353,0.9117647058823529,3,34
768-541,45,768-541PL1,40,0.96875,1.0,0.9696969696969697,2,32
768-541,45,768-541PL2,40,0.96875,0.9411764705882353,1.0,2,34
768-541,46,768-541PL1,45,0.96875,1.0,1.0,2,32
768-541,46,768-541PL2,45,0.96875,0.9411764705882353,1.0,2,34
768-541,48,768-541PL1,46,1.0,1.0,1.0,0,32
768-541,48,768-541PL2,46,1.0,1.0,0.9411764705882353,0,32
768-541,52,768-541PL1,48,0.78125,1.0,1.0,0,32
768-541,52,768-541PL2,48,0.78125,0.5625,0.5625,0,18
768-541,53,768-541PL1,52,0.984375,1.0,1.0,1,32
768-541,53,768-541PL2,52,0.984375,0.9696969696969697,0.5454545454545454,1,33
768-541,54,768-541PL1,53,1.0,1.0,1.0,0,32
768-541,54,768-541PL2,53,1.0,1.0,0.9696969696969697,0,32
768-541,55,768-541PL1,54,1.0,1.0,1.0,0,32
768-541,55,768-541PL2,54,1.0,1.0,1.0,0,32
768-541,58,768-541PL1,55,1.0,1.0,1.0,0,32
768-541,58,768-541PL2,55,1.0,1.0,1.0,0,32
768-541,60,768-541PL1,58,1.0,1.0,1.0,0,32
768-541,60,768-541PL2,58,1.0,1.0,1.0,0,32
825-534,1,825-534PL1,,0.0,1.0,,64,64
825-534,1,825-534PL2,,0.0,1.0,,64,64
825-534,3,825-534PL1,1,0.703125,0.8888888888888888,0.5625,19,36
825-534,3,825-534PL2,1,0.703125,0.734375,0.734375,19,47
825-534,4,825-534PL1,3,0.328125,0.6875,0.6,42,44
825-534,4,825-534PL2,3,0.328125,0.953125,0.7142857142857143,42,61
825-534,5,825-534PL1,4,0.828125,0.8888888888888888,0.6326530612244898,11,36
825-534,5,825-534PL2,4,0.828125,0.8205128205128205,0.639344262295082,11,39
825-534,10,825-534PL1,5,0.953125,1.0,0.8888888888888888,3,32
825-534,10,825-534PL2,5,0.953125,0.9142857142857143,0.8974358974358975,3,35
825-534,13,825-534PL1,10,0.9375,0.9375,0.9375,2,30
825-534,13,825-534PL2,10,0.9375,0.9411764705882353,0.9714285714285714,2,34
825-534,14,825-534PL1,13,0.953125,0.9411764705882353,0.8823529411764706,2,34
825-534,14,825-534PL2,13,0.953125,0.96875,0.9117647058823529,2,31
825-534,15,825-534PL1,14,0.953125,0.8888888888888888,0.8421052631578947,3,36
825-534,15,825-534PL2,14,0.953125,0.9090909090909091,0.9375,3,31
825-534,18,825-534PL1,15,0.953125,0.90625,0.8055555555555556,3,29
825-534,18,825-534PL2,15,0.953125,0.8421052631578947,0.7692307692307693,3,38
825-534,20,825-534PL1,18,0.921875,0.9142857142857143,0.8285714285714286,5,35
825-534,20,825-534PL2,18,0.921875,0.9411764705882353,0.8947368421052632,5,34
825-534,21,825-534PL1,20,0.9375,0.9142857142857143,0.8421052631578947,4,35
825-534,21,825-534PL2,20,0.9375,0.9696969696969697,0.9705882352941176,4,33
825-534,22,825-534PL1,21,0.921875,0.9142857142857143,0.8421052631578947,3,35
825-534,22,825-534PL2,21,0.921875,0.9375,0.9090909090909091,3,30
825-534,25,825-534PL1,22,0.96875,0.9696969696969697,0.8888888888888888,2,33
825-534,25,825-534PL2,22,0.96875,0.9696969696969697,0.9090909090909091,2,33
825-534,29,825-534PL1,25,0.953125,0.9411764705882353,0.9705882352941176,3,34
825-534,29,825-534PL2,25,0.953125,0.9696969696969697,1.0,3,33
825-534,32,825-534PL1,29,0.953125,0.9142857142857143,0.8648648648648649,3,35
825-534,32,825-534PL2,29,0.953125,1.0,0.9696969696969697,3,32
825-534,33,825-534PL1,32,0.9375,0.8648648648648649,0.9459459459459459,4,37
825-534,33,825-534PL2,32,0.9375,0.96875,0.96875,4,31
825-534,35,825-534PL1,33,0.984375,1.0,0.8648648648648649,1,32
825-534,35,825-534PL2,33,0.984375,0.9696969696969697,0.9393939393939394,1,33
825-534,36,825-534PL1,35,0.984375,1.0,1.0,1,32
825-534,36,825-534PL2,35,0.984375,0.9696969696969697,1.0,1,33
825-534,37,825-534PL1,36,0.984375,1.0,1.0,1,32
825-534,37,825-534PL2,36,0.984375,0.9696969696969697,1.0,1,33
825-534,38,825-534PL1,37,0.984375,1.0,1.0,1,32
825-534,38,825-534PL2,37,0.984375,0.9696969696969697,1.0,1,33
825-534,39,825-534PL1,38,1.0,1.0,1.0,0,32
825-534,39,825-534PL2,38,1.0,1.0,0.9696969696969697,0,32
825-534,40,825-534PL1,39,1.0,1.0,1.0,0,32
825-534,40,825-534PL2,39,1.0,1.0,1.0,0,32
825-534,44,825-534PL1,40,1.0,1.0,1.0,0,32
825-534,44,825-534PL2,40,1.0,1.0,1.0,0,32
825-534,45,825-534PL1,44,1.0,1.0,1.0,0,32
825-534,45,825-534PL2,44,1.0,1.0,1.0,0,32
825-534,46,825-534PL1,45,1.0,1.0,1.0,0,32
825-534,46,825-534PL2,45,1.0,1.0,1.0,0,32
825-534,48,825-534PL1,46,1.0,1.0,1.0,0,32
825-534,48,825-534PL2,46,1.0,1.0,1.0,0,32
825-534,51,825-534PL1,48,1.0,1.0,1.0,0,32
825-534,51,825-534PL2,48,1.0,1.0,1.0,0,32
825-534,52,825-534PL1,51,1.0,1.0,1.0,0,32
825-534,52,825-534PL2,51,1.0,1.0,1.0,0,32
825-534,53,825-534PL1,52,1.0,1.0,1.0,0,32
825-534,53,825-534PL2,52,1.0,1.0,1.0,0,32
825-534,56,825-534PL1,53,1.0,1.0,1.0,0,32
825-534,56,825-534PL2,53,1.0,1.0,1.0,0,32
825-534,58,825-534PL1,56,1.0,1.0,1.0,0,32
825-534,58,825-534PL2,56,1.0,1.0,1.0,0,32
825-534,59,825-534PL1,58,1.0,1.0,1.0,0,32
825-534,59,825-534PL2,58,1.0,1.0,1.0,0,32
825-534,60,825-534PL1,59,1.0,1.0,1.0,0,32
825-534,60,825-534PL2,59,1.0,1.0,1.0,0,32
880-349,2,880-349PL1,,0.0625,0.03571428571428571,,0,1
880-349,2,880-349PL2,,0.0625,0.10714285714285714,,0,3
880-349,3,880-349PL1,2,0.0625,0.03125,0.0,0,1
880-349,3,880-349PL2,2,0.0625,0.09375,0.0,0,3
880-349,4,880-349PL1,3,0.03125,0.03125,0.0,0,1
880-349,4,880-349PL2,3,0.03125,0.03571428571428571,0.0,0,1
880-349,5,880-349PL1,4,0.03125,0.03125,0.0,0,1
880-349,5,880-349PL2,4,0.03125,0.03571428571428571,0.0,0,1
880-349,6,880-349PL1,5,0.03125,0.03125,0.0,0,1
880-349,6,880-349PL2,5,0.03125,0.03125,0.0,0,1
880-349,10,880-349PL1,6,0.15625,0.03125,0.0,0,1
880-349,10,880-349PL2,6,0.15625,0.25,0.0,0,9
880-349,11,880-349PL1,10,0.078125,0.03125,0.0,0,1
880-349,11,880-349PL2,10,0.078125,0.125,0.18181818181818182,0,4
880-349,12,880-349PL1,11,0.046875,0.03125,0.0,0,1
880-349,12,880-349PL2,11,0.046875,0.0625,0.2,0,2
880-349,13,880-349PL1,12,0.046875,0.03125,0.0,0,1
880-349,13,880-349PL2,12,0.046875,0.0625,0.3333333333333333,0,2
880-349,14,880-349PL1,13,0.046875,0.03125,0.0,0,1
880-349,14,880-349PL2,13,0.046875,0.0625,0.3333333333333333,0,2
880-349,15,880-349PL1,14,0.046875,0.03125,0.0,0,1
880-349,15,880-349PL2,14,0.046875,0.05555555555555555,0.0,0,2
880-349,16,880-349PL1,15,0.046875,0.03571428571428571,0.0,0,1
880-349,16,880-349PL2,15,0.046875,0.0625,0.0,0,2
880-349,17,880-349PL1,16,0.03125,0.03125,0.0,0,1
880-349,17,880-349PL2,16,0.03125,0.03125,0.0,0,1
880-349,18,880-349PL1,17,0.03125,0.03571428571428571,0.0,0,1
880-349,18,880-349PL2,17,0.03125,0.03125,0.0,0,1
880-349,19,880-349PL1,18,0.03125,0.03571428571428571,0.0,0,1
880-349,19,880-349PL2,18,0.03125,0.03125,0.0,0,1
880-349,23,880-349PL1,19,0.03125,0.03125,0.0,0,1
880-349,23,880-349PL2,19,0.03125,0.03571428571428571,0.0,0,1
880-349,25,880-349PL1,23,0.03125,0.03125,0.0,0,1
880-349,25,880-349PL2,23,0.03125,0.03571428571428571,0.0,0,1
880-349,26,880-349PL1,25,0.0625,0.03125,0.0,0,1
880-349,26,880-349PL2,25,0.0625,0.09375,0.0,0,3
880-349,28,880-349PL1,26,0.03125,0.03571428571428571,0.0,0,1
880-349,28,880-349PL2,26,0.03125,0.03125,0.0,0,1
880-349,31,880-349PL1,28,0.0,0.03125,0.0,1,1
880-349,31,880-349PL2,28,0.0,0.03125,1.0,1,1
880-349,33,880-349PL1,31,0.03125,0.03125,0.0,0,1
880-349,33,880-349PL2,31,0.03125,0.03125,1.0,0,1
880-349,37,880-349PL1,33,0.03125,0.03125,0.0,0,1
880-349,37,880-349PL2,33,0.03125,0.03125,1.0,0,1
880-349,38,880-349PL1,37,0.03125,0.03571428571428571,0.0,0,1
880-349,38,880-349PL2,37,0.03125,0.03125,1.0,0,1
880-349,40,880-349PL1,38,0.03125,0.03125,0.0,0,1
880-349,40,880-349PL2,38,0.03125,0.03125,1.0,0,1
880-349,42,880-349PL1,40,0.03125,0.03125,0.0,0,1
880-349,42,880-349PL2,40,0.03125,0.03125,1.0,0,1
880-349,44,880-349PL1,42,0.03125,0.03125,0.0,0,1
880-349,44,880-349PL2,42,0.03125,0.03125,1.0,0,1
880-349,45,880-349PL1,44,0.03125,0.03125,0.0,0,1
880-349,45,880-349PL2,44,0.03125,0.03125,1.0,0,1
880-349,47,880-349PL1,45,0.03125,0.03571428571428571,0.0,0,1
880-349,47,880-349PL2,45,0.03125,0.03125,1.0,0,1
880-349,48,880-349PL1,47,0.046875,0.03125,0.0,0,1
880-349,48,880-349PL2,47,0.046875,0.0625,0.5,0,2
880-349,50,880-349PL1,48,0.03125,0.03125,0.0,0,1
880-349,50,880-349PL2,48,0.03125,0.03125,0.5,0,1
880-349,52,880-349PL1,50,0.03125,0.03125,0.0,0,1
880-349,52,880-349PL2,50,0.03125,0.03125,1.0,0,1
880-349,53,880-349PL1,52,0.03125,0.03125,0.0,0,1
880-349,53,880-349PL2,52,0.03125,0.03125,1.0,0,1
880-349,55,880-349PL1,53,0.03125,0.03125,0.0,0,1
880-349,55,880-349PL2,53,0.03125,0.03125,1.0,0,1
880-349,58,880-349PL1,55,0.03125,0.03125,0.0,0,1
880-349,58,880-349PL2,55,0.03125,0.03125,1.0,0,1
880-349,59,880-349PL1,58,0.03125,0.03125,0.0,0,1
880-349,59,880-349PL2,58,0.03125,0.03125,1.0,0,1
938-219,5,938-219PL1,,0.03125,1.0,,62,64
938-219,5,938-219PL2,,0.03125,0.96875,,62,62
938-219,6,938-219PL1,5,0.125,0.875,0.875,56,56
938-219,6,938-219PL2,5,0.125,1.0,0.96875,56,64
938-219,7,938-219PL1,6,0.515625,0.46875,0.43333333333333335,29,30
938-219,7,938-219PL2,6,0.515625,0.953125,0.953125,29,61
938-219,8,938-219PL1,7,0.484375,0.546875,0.32653061224489793,33,35
938-219,8,938-219PL2,7,0.484375,0.96875,0.921875,33,62
938-219,9,938-219PL1,8,0.546875,0.5,0.5227272727272727,26,32
938-219,9,938-219PL2,8,0.546875,0.859375,0.828125,26,55
938-219,10,938-219PL1,9,0.578125,0.328125,0.325,20,21
938-219,10,938-219PL2,9,0.578125,0.875,0.7619047619047619,20,56
938-219,12,938-219PL1,10,0.59375,0.46875,0.3783783783783784,25,30
938-219,12,938-219PL2,10,0.59375,0.90625,0.8095238095238095,25,58
938-219,16,938-219PL1,12,0.1875,0.75,0.41818181818181815,46,48
938-219,16,938-219PL2,12,0.1875,0.875,0.8095238095238095,46,56
938-219,18,938-219PL1,16,1.0,1.0,0.75,0,64
938-219,18,938-219PL2,16,1.0,1.0,0.0,0,0
938-219,20,938-219PL1,18,1.0,1.0,1.0,0,64
938-219,20,938-219PL2,18,1.0,1.0,1.0,0,0
938-219,21,938-219PL1,20,1.0,1.0,1.0,0,64
938-219,21,938-219PL2,20,1.0,1.0,1.0,0,0
938-219,23,938-219PL1,21,1.0,1.0,1.0,0,64
938-219,23,938-219PL2,21,1.0,1.0,1.0,0,0
938-219,24,938-219PL1,23,1.0,1.0,1.0,0,64
938-219,24,938-219PL2,23,1.0,1.0,1.0,0,0
938-219,26,938-219PL1,24,1.0,1.0,1.0,0,64
938-219,26,938-219PL2,24,1.0,1.0,1.0,0,0
938-219,28,938-219PL1,26,0.65625,1.0,1.0,22,64
938-219,28,938-219PL2,26,0.65625,0.6875,0.0,22,22
938-219,32,938-219PL1,28,1.0,1.0,1.0,0,64
938-219,32,938-219PL2,28,1.0,1.0,0.0,0,0
938-219,33,938-219PL1,32,1.0,1.0,1.0,0,64
938-219,33,938-219PL2,32,1.0,1.0,1.0,0,0
938-219,37,938-219PL1,33,1.0,1.0,1.0,0,64
938-219,37,938-219PL2,33,1.0,1.0,1.0,0,0
938-219,42,938-219PL1,37,1.0,1.0,1.0,0,64
938-219,42,938-219PL2,37,1.0,1.0,1.0,0,0
938-219,43,938-219PL1,42,0.984375,0.984375,0.984375,0,63
938-219,43,938-219PL2,42,0.984375,1.0,1.0,0,0
938-219,44,938-219PL1,43,1.0,1.0,0.984375,0,64
938-219,44,938-219PL2,43,1.0,1.0,1.0,0,0
938-219,55,938-219PL1,44,1.0,1.0,1.0,0,64
938-219,55,938-219PL2,44,1.0,1.0,1.0,0,0
938-219,56,938-219PL1,55,0.625,0.625,0.625,0,40
938-219,56,938-219PL2,55,0.625,1.0,1.0,0,0
938-219,59,938-219PL1,56,1.0,1.0,0.625,0,64
938-219,59,938-219PL2,56,1.0,1.0,1.0,0,0
947-704,2,947-704PL1,,0.625,1.0,,24,64
947-704,2,947-704PL2,,0.625,0.5135135135135135,,24,24
947-704,3,947-704PL1,2,0.765625,1.0,1.0,15,64
947-704,3,947-704PL2,2,0.765625,0.2702702702702703,0.21875,15,15
947-704,4,947-704PL1,3,0.75,1.0,1.0,16,64
947-704,4,947-704PL2,3,0.75,0.2631578947368421,0.19230769230769232,16,16
947-704,7,947-704PL1,4,0.546875,1.0,1.0,29,64
947-704,7,947-704PL2,4,0.546875,0.6052631578947368,0.21621621621621623,29,29
947-704,8,947-704PL1,7,0.1875,1.0,1.0,52,64
947-704,8,947-704PL2,7,0.1875,0.8125,0.5283018867924528,52,52
947-704,9,947-704PL1,8,0.171875,1.0,1.0,53,64
947-704,9,947-704PL2,8,0.171875,0.828125,0.6935483870967742,53,53
947-704,12,947-704PL1,9,0.59375,0.8648648648648649,0.578125,16,37
947-704,12,947-704PL2,9,0.59375,0.515625,0.4576271186440678,16,33
947-704,13,947-704PL1,12,0.625,0.7441860465116279,0.7777777777777778,20,43
947-704,13,947-704PL2,12,0.625,0.578125,0.42857142857142855,20,37
947-704,17,947-704PL1,13,0.71875,0.8,0.9302325581395349,17,40
947-704,17,947-704PL2,13,0.71875,0.7560975609756098,0.54,17,40
947-704,19,947-704PL1,17,0.671875,0.8648648648648649,0.7111111111111111,18,37
947-704,19,947-704PL2,17,0.671875,0.65625,0.6078431372549019,18,42
947-704,23,947-704PL1,19,0.625,0.796875,0.5172413793103449,24,51
947-704,23,947-704PL2,19,0.625,0.6829268292682927,0.4107142857142857,24,37
947-704,24,947-704PL1,23,0.53125,0.859375,0.7096774193548387,28,55
947-704,24,947-704PL2,23,0.53125,0.546875,0.38461538461538464,28,35
947-704,25,947-704PL1,24,0.71875,0.7619047619047619,0.7636363636363637,18,42
947-704,25,947-704PL2,24,0.71875,0.6744186046511628,0.41509433962264153,18,40
947-704,26,947-704PL1,25,0.65625,0.8,0.7083333333333334,18,40
947-704,26,947-704PL2,25,0.65625,0.627906976744186,0.6956521739130435,18,38
947-704,30,947-704PL1,26,0.640625,1.0,0.625,23,64
947-704,30,947-704PL2,26,0.640625,0.41025641025641024,0.4186046511627907,23,23
947-704,31,947-704PL1,30,0.75,1.0,1.0,16,64
947-704,31,947-704PL2,30,0.75,0.2972972972972973,0.18181818181818182,16,16
947-704,34,947-704PL1,31,0.625,1.0,1.0,24,64
947-704,34,947-704PL2,31,0.625,0.375,0.17647058823529413,24,24
947-704,37,947-704PL1,34,0.71875,0.734375,0.734375,17,47
947-704,37,947-704PL2,34,0.71875,0.625,0.2127659574468085,17,33
947-704,38,947-704PL1,37,0.78125,0.7441860465116279,0.8367346938775511,12,43
947-704,38,947-704PL2,37,0.78125,0.7027027027027027,0.4883720930232558,12,31
947-704,40,947-704PL1,38,0.90625,0.7441860465116279,0.9111111111111111,6,43
947-704,40,947-704PL2,38,0.90625,0.7878787878787878,0.7058823529411765,6,27
947-704,43,947-704PL1,40,0.828125,0.7567567567567568,0.5833333333333334,10,33
947-704,43,947-704PL2,40,0.828125,0.7560975609756098,0.5952380952380952,10,40
947-704,44,947-704PL1,43,0.921875,0.8,0.6222222222222222,5,40
947-704,44,947-704PL2,43,0.921875,0.7941176470588235,0.6428571428571429,5,29
947-704,47,947-704PL1,44,0.953125,1.0,0.8,3,32
947-704,47,947-704PL2,44,0.953125,0.9142857142857143,0.7777777777777778,3,35
947-704,49,947-704PL1,47,0.96875,1.0,1.0,2,32
947-704,49,947-704PL2,47,0.96875,0.9411764705882353,0.9166666666666666,2,34
947-704,50,947-704PL1,49,0.96875,1.0,1.0,2,32
947-704,50,947-704PL2,49,0.96875,0.9411764705882353,1.0,2,34
947-704,52,947-704PL1,50,1.0,1.0,1.0,0,32
947-704,52,947-704PL2,50,1.0,1.0,0.9411764705882353,0,32
947-704,53,947-704PL1,52,1.0,1.0,1.0,0,32
947-704,53,947-704PL2,52,1.0,1.0,1.0,0,32
947-704,56,947-704PL1,53,1.0,1.0,1.0,0,32
947-704,56,947-704PL2,53,1.0,1.0,1.0,0,32
947-704,57,947-704PL1,56,1.0,1.0,1.0,0,32
947-704,57,947-704PL2,56,1.0,1.0,1.0,0,32
948-444,3,948-444PL1,,0.34375,0.703125,,42,45
948-444,3,948-444PL2,,0.34375,0.953125,,42,61
948-444,5,948-444PL1,3,0.578125,0.453125,0.48,26,29
948-444,5,948-444PL2,3,0.578125,0.9375,0.890625,26,60
948-444,8,948-444PL1,5,0.5625,0.671875,0.5,28,43
948-444,8,948-444PL2,5,0.5625,0.765625,0.7868852459016393,28,49
948-444,11,948-444PL1,8,0.953125,1.0,0.5957446808510638,1,32
948-444,11,948-444PL2,8,0.953125,0.9090909090909091,0.5686274509803921,1,31
948-444,14,948-444PL1,11,1.0,1.0,1.0,0,32
948-444,14,948-444PL2,11,1.0,1.0,0.9090909090909091,0,32
948-444,15,948-444PL1,14,1.0,1.0,1.0,0,32
948-444,15,948-444PL2,14,1.0,1.0,1.0,0,32
948-444,18,948-444PL1,15,1.0,1.0,1.0,0,32
948-444,18,948-444PL2,15,1.0,1.0,1.0,0,32
948-444,19,948-444PL1,18,1.0,1.0,1.0,0,32
948-444,19,948-444PL2,18,1.0,1.0,1.0,0,32
948-444,20,948-444PL1,19,1.0,1.0,1.0,0,32
948-444,20,948-444PL2,19,1.0,1.0,1.0,0,32
948-444,24,948-444PL1,20,1.0,1.0,1.0,0,32
948-444,24,948-444PL2,20,1.0,1.0,1.0,0,32
948-444,25,948-444PL1,24,1.0,1.0,1.0,0,32
948-444,25,948-444PL2,24,1.0,1.0,1.0,0,32
948-444,26,948-444PL1,25,1.0,1.0,1.0,0,32
948-444,26,948-444PL2,25,1.0,1.0,1.0,0,32
948-444,27,948-444PL1,26,1.0,1.0,1.0,0,32
948-444,27,948-444PL2,26,1.0,1.0,1.0,0,32
948-444,30,948-444PL1,27,1.0,1.0,1.0,0,32
948-444,30,948-444PL2,27,1.0,1.0,1.0,0,32
948-444,34,948-444PL1,30,1.0,1.0,1.0,0,32
948-444,34,948-444PL2,30,1.0,1.0,1.0,0,32
948-444,37,948-444PL1,34,1.0,1.0,1.0,0,32
948-444,37,948-444PL2,34,1.0,1.0,1.0,0,32
948-444,39,948-444PL1,37,1.0,1.0,1.0,0,32
948-444,39,948-444PL2,37,1.0,1.0,1.0,0,32
948-444,40,948-444PL1,39,0.96875,1.0,1.0,2,32
948-444,40,948-444PL2,39,0.96875,0.9411764705882353,0.9411764705882353,2,34
948-444,42,948-444PL1,40,1.0,1.0,1.0,0,32
948-444,42,948-444PL2,40,1.0,1.0,0.9411764705882353,0,32
948-444,44,948-444PL1,42,1.0,1.0,1.0,0,32
948-444,44,948-444PL2,42,1.0,1.0,1.0,0,32
948-444,45,948-444PL1,44,1.0,1.0,1.0,0,32
948-444,45,948-444PL2,44,1.0,1.0,1.0,0,32
948-444,49,948-444PL1,45,1.0,1.0,1.0,0,32
948-444,49,948-444PL2,45,1.0,1.0,1.0,0,32
948-444,51,948-444PL1,49,1.0,1.0,1.0,0,32
948-444,51,948-444PL2,49,1.0,1.0,1.0,0,32
948-444,57,948-444PL1,51,1.0,1.0,1.0,0,32
948-444,57,948-444PL2,51,1.0,1.0,1.0,0,32
948-444,58,948-444PL1,57,1.0,1.0,1.0,0,32
948-444,58,948-444PL2,57,1.0,1.0,1.0,0,32
948-444,60,948-444PL1,58,1.0,1.0,1.0,0,32
948-444,60,948-444PL2,58,1.0,1.0,1.0,0,32
